:020000040800F2
:1000000000060020290400082B0400082B04000827
:100010002B0400082B0400082B0400082B04000804
:100020002B0400082B0400082B04000841A0000842
:100030002B0400082B0400082B0400082B040008E4
:100040002B0400082B0400082B0400082B040008D4
:100050002B0400082B0400082B0400082B040008C4
:100060002B0400082B0400082B040008F16E000884
:10007000196F0008456F0008716F00089D6F000838
:10008000C56F0008F16F00082B0400082B0400085E
:100090002B0400082B0400082B0400082B04000884
:1000A0002B0400082B0400082B0400082B04000874
:1000B0002B0400082B0400082B0400082B04000864
:1000C0002B0400082B0400082B0400082B04000854
:1000D0002B0400082B04000861AF000875AF00086E
:1000E0002B0400082B0400082B0400082B04000834
:1000F0002B0400082B0400082B0400081D700008C6
:100100002B0400084DAF00089DAF00082B04000829
:100110002B0400082B0400082B0400082B04000803
:1001200049700008717000089D700008C9700008CF
:10013000F57000082B0400082B0400082B040008AD
:100140002B0400082B0400082B0400082B040008D3
:100150001D71000849710008757100082B04000822
:100160002B0400082B0400082B0400082B040008B3
:100170002B0400082DAC00082B0400082B040008F9
:100180002B0400082B04000889AF00082B0400088A
:100190002B0400082B0400082B0400082B04000883
:1001A0002B0400082B0400082B0400082B04000873
:1001B0002B0400082B0400082B0400082B04000863
:1001C0002B0400082B0400082B0400082B04000853
:1001D0002B04000819AC00082B0400082B040008AD
:1001E0002B0400082B0400082B0400082B04000833
:1001F0002B0400082B0400082B0400082B04000823
:100200002B0400082B0400082B0400082B04000812
:100210002B0400082B0400082B0400082B04000802
:100220002B0400082B0400082B0400082B040008F2
:100230002B0400082B0400082B0400082B040008E2
:100240002B0400082B0400082B0400082B040008D2
:100250002B0400082B0400082B0400082B040008C2
:100260002B0400082B0400082B0400082B040008B2
:100270002B0400082B0400082B0400082B040008A2
:100280002B0400082B0400082B0400082B04000892
:100290002B0400082B0400082B0400082B04000882
:1002A0002B0400082B0400082B0400082B04000872
:1002B0002B0400082B0400082B0400082B04000862
:1002C0002B0400082B0400082B0400082B04000852
:1002D0002B0400082B0400082B0400082B04000842
:1002E0004ECF4EA5A6B6F729B27347917F7A17D0A5
:1002F0003EFC84A9A4766B7358E33E8DE330D37E35
:100300008363D3A0A8564A005FC8DD56AC48214994
:1003100082B8C4A2F08853678D159175B481B45C1E
:10032000CF332D752821A8225896DBA5B8CECFFC57
:100330008C0772719EFAB24D4227090759712B64DE
:10034000034AA19F695D84F25051DA1FF74004917E
:100350000D9DADFDB82A12A4C2E90B50CCD01FFFF1
:10036000740581C7F714A7EE00000000000000002C
:10037000000000000000000000000000000000007D
:10038000000000000000000000000000000000006D
:10039000000000000000000000000000000000005D
:1003A000000000000000000000000000000000004D
:1003B000000000000000000000000000000000003D
:1003C000000000000000000000000000000000002D
:1003D000000000000000000000000000000000001D
:1003E000000000000000000000000000000000000D
:1003F00000000000000000000000000000000000FD
:1004000000000000000000000000000000000000EC
:1004100000000000000000000000000000000000DC
:10042000000000000000000002E000F000F8FEE71D
:1004300072B6374880F30888364880F30988364812
:100440003649086040F20000CCF200004EF63471EC
:10045000CEF200010860BFF34F8FBFF36F8F40F201
:100460000000C0F2F0004EF68851CEF200010860A4
:10047000BFF34F8FBFF36F8F4FF00000E1EE100A14
:100480004EF63C71CEF200010860062080F314881D
:10049000BFF36F8F09F036FE08F08EFF4FF0553036
:1004A0001F491B4A91423CBF41F8040BFAE71D4922
:1004B000184A91423CBF41F8040BFAE71A491B4A1B
:1004C0001B4B9A423EBF51F8040B42F8040BF8E76D
:1004D00000201849184A91423CBF41F8040BFAE742
:1004E00009F04EFE08F0ECFF144C154DAC4203DA57
:1004F00054F8041B8847F9E700F0C4F9114C124D79
:10050000AC4203DA54F8041B8847F9E709F036BE19
:1005100000060020002200200000000808ED00E096
:10052000000000200006002000CA00080022002071
:100530007422002078220020B4660020E002000827
:10054000E0020008E0020008E00200082DE9F04F98
:100550002DED108AC1F80CD0D0F80CD0BDEC108A6B
:10056000BDE8F08F002383F311882846A0470020C0
:1005700008F004FDFEE708F057FC00DFFEE700008E
:1005800053B94AB9002908BF00281CBF4FF0FF31FA
:100590004FF0FF3000F074B9ADF1080C6DE904CEF6
:1005A00000F006F8DDF804E0DDE9022304B070474E
:1005B0002DE9F047089D04468E46002B4DD18A4216
:1005C000944669D9B2FA82F252B101FA02F3C2F149
:1005D000200120FA01F10CFA02FC41EA030E9440DA
:1005E0004FEA1C48210CBEFBF8F61FFA8CF708FBFB
:1005F00016E341EA034306FB07F199420AD91CEBD3
:10060000030306F1FF3080F01F81994240F21C8104
:10061000023E63445B1AA4B2B3FBF8F008FB10334C
:1006200044EA034400FB07F7A7420AD91CEB040481
:1006300000F1FF3380F00A81A74240F20781644451
:10064000023840EA0640E41B00261DB1D4400023D6
:10065000C5E900433146BDE8F0878B4209D9002D3A
:1006600000F0EF800026C5E9000130463146BDE8C4
:10067000F087B3FA83F6002E4AD18B4202D382422E
:1006800000F2F980841A61EB030301209E46002DDD
:10069000E0D0C5E9004EDDE702B9FFDEB2FA82F232
:1006A000002A40F09280A1EB0C014FEA1C471FFA90
:1006B0008CFE0126200CB1FBF7F307FB131140EA77
:1006C00001410EFB03F0884208D91CEB010103F144
:1006D000FF3802D2884200F2CB804346091AA4B206
:1006E000B1FBF7F007FB101144EA01440EFB00FEDA
:1006F000A64508D91CEB040400F1FF3102D2A6453F
:1007000000F2BB800846A4EB0E0440EA03409CE7DD
:10071000C6F12007B34022FA07FC4CEA030C20FA8A
:1007200007F401FA06F31C43F9404FEA1C4900FAAA
:1007300006F3B1FBF9F8200C1FFA8CFE09FB181127
:1007400040EA014108FB0EF0884202FA06F20BD99A
:100750001CEB010108F1FF3A80F08880884240F2EA
:100760008580A8F102086144091AA4B2B1FBF9F02E
:1007700009FB101144EA014100FB0EFE8E4508D929
:100780001CEB010100F1FF346CD28E456AD90238AE
:10079000614440EA0840A0FB0294A1EB0E01A14293
:1007A000C846A64656D353D05DB1B3EB080261EB01
:1007B0000E0101FA07F722FA06F3F1401F43C5E9DB
:1007C000007100263146BDE8F087C2F12003D84011
:1007D0000CFA02FC21FA03F3914001434FEA1C4753
:1007E0001FFA8CFEB3FBF7F007FB10360B0C43EA45
:1007F000064300FB0EF69E4204FA02F408D91CEBF5
:10080000030300F1FF382FD29E422DD902386344F2
:100810009B1B89B2B3FBF7F607FB163341EA034192
:1008200006FB0EF38B4208D91CEB010106F1FF38E1
:1008300016D28B4214D9023E6144C91A46EA0046D8
:1008400038E72E46284605E70646E3E61846F8E66A
:100850004B45A9D2B9EB020864EB0C0E0138A3E7B3
:100860004646EAE7204694E74046D1E7D0467BE794
:10087000023B614432E7304609E76444023842E70C
:10088000704700BF38B501F01BFA01F0CBFB09F04F
:10089000B7FA054609F0C6FB044610BB134B9D4250
:1008A00021D001339D4241F2883504BF0124002547
:1008B00001F0CAFC20B10025032000F067F82C46A7
:1008C000002009F0A7FA0CB100F076F801F04AFB1D
:1008D00000F03AFD08B100F06FF8284600F026F964
:1008E000F9E70025E4E70546E2E700BF010007B0AD
:1008F00008B501F0B1F9A0F120035842584108BDF4
:1009000007B5042101900DEB010001F0C3F903B01C
:100910005DF804FB38B5302383F31188174803686A
:100920000BB108F00FFC0023154A4FF47A711348FD
:1009300008F0FEFB002383F31188124C236813B1E7
:100940002368013B2360636813B16368013B636004
:100950000D4D2B7833B963687BB9022001F06CFA36
:10096000322363602B78032B07D163682BB90220F5
:1009700001F062FA4FF47A73636038BD7822002088
:10098000150900089823002090220020084B1870B9
:1009900003280CD8DFE800F008050208022001F067
:1009A00041BA022001F034BA024B00225A6070476B
:1009B0009022002098230020F8B501F045FC30B1CA
:1009C000524B03221A700022514B5A60F8BD514B12
:1009D000514A1C4619680131F8D004339342F9D1C9
:1009E00062684E4B9A42F1D94D4B9B6803F100630C
:1009F00003F500339A42E9D2002001F07BF902208E
:100A0000FFF7C4FF474B0021D3F8E820C3F8E810F4
:100A1000D3F81021C3F81011D3F81021D3F8EC202B
:100A2000C3F8EC10D3F81421C3F81411D3F814212F
:100A3000D3F8F020C3F8F010D3F81821C3F8181138
:100A4000D3F81821D3F8802042F00062C3F8802048
:100A5000D3F8802022F00062C3F88020D3F88020F1
:100A6000D3F8802042F00072C3F88020D3F88020B1
:100A700022F00072C3F88020D3F8803072B64FF0B5
:100A8000E023C3F8084DD4E90004BFF34F8FBFF350
:100A90006F8F254AC2F88410BFF34F8F536923F438
:100AA00080335361BFF34F8FD2F8803043F6E07646
:100AB000C3F3C905C3F34E335B0103EA060C2946B1
:100AC0004CEA81770139C2F87472F9D2203B13F1F4
:100AD000200FF2D1BFF34F8FBFF36F8FBFF34F8F54
:100AE000BFF36F8F536923F4003353610023C2F8BF
:100AF0005032BFF34F8FBFF36F8F302383F31188D2
:100B0000854680F30888204760E700BF90220020D8
:100B1000982300200000020820000208FFFF0108BF
:100B2000002200200044025800ED00E02DE9F04FC3
:100B300095B0DFF8D8922022FF21029004A8D9F8BE
:100B4000085001F0B9F9A84A1378A3B90121A748C0
:100B500011700360302383F3118803680BB108F030
:100B6000F1FA0023A24A4FF47A71A04808F0E0FAA3
:100B7000002383F31188029B13B19E4B029A1A60E3
:100B80009D4A1378032B03D000231370994A5360B6
:100B90004FF0000B029C5E46DA46CDF804B001200F
:100BA00001F040F924B1934B1B68002B00F0288220
:100BB000002001F051F8B0F10008F3DB012001F052
:100BC00027F9A8F121031F2BE9D801A252F823F03D
:100BD000510C00086D0C0008FB0C00089F0B00086E
:100BE0009F0B00089F0B0008850D0008770F000879
:100BF000690E0008C50E0008EB0E0008110F000872
:100C00009F0B0008230F0008470F0008BF0F0008C4
:100C1000D90C00089F0B0008071000085D0C0008A5
:100C2000D90C00089F0B0008C50E00089F0B000898
:100C30009F0B00089F0B00089F0B00089F0B0008EC
:100C40009F0B00089F0B00089F0B0008FB0C00087F
:100C50000220FFF74DFE002840F0FF81029B022199
:100C60006648BBF1000F08BF1C4640E04FF47A70A5
:100C700000F0F2FF071EF1DB0220FFF739FE00282B
:100C8000ECD0013F052F00F2EA81DFE807F003070F
:100C90000A0D10330520FFF733FE14E0D9F80000E9
:100CA000F9E7D9F80400F6E7D9F80800F3E74FF0C0
:100CB0001C08404608F1040801F01EF8FFF720FE6A
:100CC000B8F12C0FF5D10120019B4FF0000A00FA7A
:100CD00007F71F43FBB2019301F03AF92EB1019BD4
:100CE00003F00B030B2B08BF00240221444800F043
:100CF000D1FF54E7D9F80C00CDE7002EAED0019B10
:100D000003F00B030B2BA9D10220FFF7F1FD0746DF
:100D10000028A3D00120002600F0ECFF0220FFF7FE
:100D200035FE1FFA86FB584600F0F4FF044688B1F2
:100D3000A8F14002584601365142514100F0FAFFF5
:100D40000028EED1BB46044602212E483E4600F064
:100D5000A1FF24E725460120FFF718FED9F8083047
:100D6000AB4207D9284600F0C7FF013040F07A8136
:100D70000435F3E70025204BBB463E461D701D4B56
:100D80005D60A9E7002E3FF469AF019B03F00B0300
:100D90000B2B7FF463AF0220FFF7F8FD322000F049
:100DA0005BFFB0F10008FFF659AF18F003077FF4BE
:100DB00055AF08EB0503D9F8082093423FF64EAF34
:100DC000B8F5807F3FF74AAF0F4BB84503931FDD5F
:100DD0004FF47A7000F040FF0028FFF63FAF039B0E
:100DE000013703F8010BF0E794230020782200205C
:100DF00015090008982300209022002000BA00085E
:100E0000F8B90008FCB90008942200200022002054
:100E1000C820FFF76DFD074600283FF41FAF1F2DC8
:100E200011D8C5F1200204AB25F003008F494245DB
:100E3000184428BF4246039201F018F8039AFF2194
:100E40008A4801F039F84FEAA803C8F387028749B6
:100E50002846039301F038F8064600283FF474AFA3
:100E6000039B05EB830537E70220FFF741FD0028D0
:100E70003FF4F4AE00F07CFF00283FF4EFAE002713
:100E8000B846D9F80830BB4218D91F2F11D8049B97
:100E900001330ED027F0030314AA134453F8403C47
:100EA0000C93404604220CA9043701F053F9804604
:100EB000E7E7384600F020FF0C90F2E74046FFF7E6
:100EC0001FFD09E7002364210CA80C9300F0D8FE55
:100ED00000287FF4C3AE0220FFF70AFD00283FF48C
:100EE000BDAE0C9800F03AFFE9E7002364210CA89E
:100EF0000C9300F0C5FE00287FF4B0AE0220FFF78F
:100F0000F7FC00283FF4AAAE0C9800F029FFD6E7C2
:100F10000220FFF7EDFC00283FF4A0AE00F038FF00
:100F2000CDE70220FFF7E4FC00283FF497AE0CA9C0
:100F3000142000F033FF0390FFF7E2FC03990CA8A4
:100F400000F0A8FEC8E60220FFF7D2FC00283FF41C
:100F500085AE474B0CAF03F1100C1868083353F8FB
:100F6000041C3A46634503C21746F6D11020FFF72A
:100F7000C7FC1021E3E7322000F06EFE071EFFF6EB
:100F80006DAEBB077FF46AAE07EB0A03D9F8082001
:100F900093423FF663AE0220FFF7AAFC00283FF41D
:100FA0005DAE27F003075744BA453FF495AE50466F
:100FB0000AF1040A00F0A0FEFFF7A2FCF4E74FF4E8
:100FC0007A70FFF795FC00283FF448AE00F0D0FEA1
:100FD000002849D0049B01330BD0082204A900202B
:100FE00000F072FF00283FD02022FF2104A800F06B
:100FF00063FF2048022100F04DFE1F4807F0C4FFA8
:1010000015B0BDE8F08F002E3FF428AE019B03F031
:101010000B030B2B7FF422AE002364210CA80C934E
:1010200000F02EFE074600287FF418AE0220FFF7DE
:101030005FFC804600283FF411AE02210D4800F00D
:1010400029FE41F2883007F09FFF0C9800F0C8FF9E
:1010500046463C4600F07CFFA1E506463CE64FF0E4
:10106000000AFBE5BB466FE637466DE6942200209A
:10107000E4B90008F8B90008A08601007047000034
:1010800070470000704700002DE9F04100F58037FF
:10109000044616463B7C5BB9C0681030204400F023
:1010A000E5FEE5683544B5F5004FE56002D816B1B8
:1010B000BDE8F081DEB905F07F0605F110000021E2
:1010C000C6F180062044F6B232462E4400F0F4FE0B
:1010D000A06804F11008324600F10060414600F5B6
:1010E000003008F02DFC30B901233B74E0E74FF4E9
:1010F00000463546ECE7A26805F11001404632444F
:101100002144A260E268521BE26000F0AFFE0220C0
:10111000BDE8F04100F090BE183000F0E9BC0000DE
:1011200010B5044603F0A0FB204610BD10B50446E0
:1011300003F09AFB204610BDC0B2A0F14103052B7D
:1011400002D83738C0B27047A0F16103052B94BFB5
:1011500057383038F6E7000070B5044615460846A3
:1011600003220C4900F08CFE014688B908346E1C3D
:1011700015F91100FFF7E0FF024616F911000131E1
:10118000FFF7DAFF102940EA021004F8010BEFD153
:1011900070BD00BF04BA00082DE9F04FADF53F7DEA
:1011A0000746416801222AA805F04EFA002840F0BF
:1011B00087800646824681461125DFF80C81DFF8DC
:1011C0000CB101AB4FF4805241462AA805F09CFBBC
:1011D000002875D1019AB2F5805F71D8002A65D0D8
:1011E0000446019A9442ECD2282D0FD008DC132D2E
:1011F0002DD01E2D39D0112D13D00134A4B2F0E71B
:10120000322D2DD0372D2FD02D2DF6D13B68121B2E
:1012100008EB040138461B692D259847BDF80440AA
:10122000EBE7121B022A09D9594608EB040000F02B
:1012300027FE18B902342825A4B2DEE718F80430D6
:101240003A2B3DD00A2B1CBFA1461325D5E718F831
:1012500004300A2B34D03A2B04BFA2463225CCE707
:1012600018F80430202BC8D0264618F804300A2B72
:101270001AD1AAEB090208EB090102A811254F2A8D
:1012800028BF4F220AF09AFBA21B08EB060116A802
:101290004F2A28BF4F220AF091FB3B6816AA02A9E9
:1012A000DB6838469847A8E71E25A6E73B6838461E
:1012B00004491B69984701200DF53F7DBDE8F08F7B
:1012C0000020F9E7E9BA0008A023002008BA0008C6
:1012D00000F1180110B5044686B00846019100F0EF
:1012E000F1FB2046FFF758FF60B1019902A800F01A
:1012F00049FC102204F1080102A80AF0FDFAB0FA34
:1013000080F0400906B010BD70B504460025EEB26D
:10131000304600F0FFFC58B100213046013500F0A6
:1013200009FD08B9002070BD022000F085FDEEE740
:101330002046FFF731FF0028F4D004F58034207CEC
:1013400080F00100EFE70000F0B5C9B008F070FDD3
:1013500003F0A6FA18B90025284649B0F0BD694641
:101360002A4805F093FB00284BD1294C204605F074
:10137000BDFB284805F0BAFB274805F0B7FB21461E
:10138000224805F02FFC0028E5D1702003F066FA12
:10139000064610B1214B44600360336830469B68B9
:1013A0009847054600282ED01A4F1948394605F0AF
:1013B00019FC05460028CED1194803F04FFA04461F
:1013C00038B1184B4760036000F58033C0E902551F
:1013D0001D74236820469B689847054628B10E492E
:1013E0000C4805F0FFFB0028B5D1336830465B6838
:1013F00098471CB1236820465B68984703F038FA89
:10140000AAE70025FAE70446EFE700BF0CBA000898
:101410001CBA000833BA000849BA00086CBA0008C0
:101420001400010088BA00082DE9F04FD44A8DB0AD
:101430000B68D0F804A001931A440368D14E1A44F3
:10144000D1F81C90DFF8B4C3DFF8B4B3D0E90234AC
:10145000634003EA0A03634013444A6802920AEBBA
:101460007363029CC84A2244C468224484688AEA9E
:1014700004051D40654015448A68039203EB355509
:10148000039CC24A2244846822448AEA03042C4012
:1014900084EA0A041444CA6805EBF434049216443E
:1014A00083EA0502224056445A4032440E690596AA
:1014B00004EBB222059FB64E3E441E4485EA040367
:1014C00013406B4033444E69069602EB7363069FEC
:1014D000B04E3E442E4484EA02051D40654035442A
:1014E0008E69079603EB3555079FAB4E3E44264465
:1014F00082EA03042C4054403444A84E4E4405EB89
:10150000F434164483EA050222405A4032440E6AFB
:10151000089604EBB222089FA14E3E441E4485EA81
:10152000040313406B4033444E6A099602EB736325
:10153000099F9C4ED1F830E03E44D1F83880F34406
:101540002E4484EA02051D40654035448E6AA6F5A6
:10155000244703EB35550A964F3F274482EA03049C
:101560002C4054403C44CF6A0B9705EBF4340B9E5F
:101570008D4F3744029E174483EA050222405A40A9
:101580003A448A4F774404EBB2221F4485EA0403AD
:1015900013406B403B444F6BBC4402EB73636544A8
:1015A00084EA020C0CEA030C8CEA040C6544DFF8B4
:1015B00054C2C44403EB3555A44482EA03042C40CE
:1015C00054406444D1F83CC0794905EBF43461449B
:1015D000114483EA050222405A400A44754904EB4B
:1015E000B2223144079E194484EA02032B4063402F
:1015F0000B44714902EBF36331440B9E0D4482EAC4
:1016000003012140514029446C4D03EBF151354415
:10161000019E254483EA010414405C402C44684D3B
:1016200001EBB4443544069E154481EA04021A4095
:101630004A402A44634D04EB323235440A9E1D442D
:1016400084EA02030B4063402B445F4D02EBF363DB
:101650003544059E0D4482EA03012140514029444E
:101660005A4D03EBF1516544254483EA01041440CB
:101670005C402C44564D01EBB4443544099E15445E
:1016800081EA04021A404A402A44524D04EB3232A5
:101690003544049E1D4484EA02030B4063402B44FE
:1016A0004D4D02EBF36345440D4482EA03012140B2
:1016B00051402944494D03EBF1513544089E2C44D7
:1016C00083EA010515405D402C44454D01EBB444CF
:1016D0003544039E2A4481EA04051D404D402A44B6
:1016E000404D04EB32323D442B4484EA02059344DE
:1016F0000D4065402B443C4D02EBF3633544069EA0
:10170000294482EA0305254055402944374D03EB1F
:10171000F1514D442C4483EA010515405D402544B8
:1017200001EBB54581EA050404EA03024A405A4444
:10173000A6F5B82B089E05EB3232ABF2BE6B5440D7
:101740005B4423442A4C344402EB33730B9E0C4419
:1017500085EA020159402144264C344403EB71517F
:10176000029E254482EA03044C402544224C444412
:1017700001EB3545144483EA01026A40224443E008
:1017800078A46AD7EECEBDC156B7C7E8DB70202477
:10179000AF0F7CF52AC68747134630A8019546FD52
:1017A000D8988069AFF7448BBED75C892211906BC3
:1017B0002108B44962251EF640B340C0515A5E2646
:1017C000AAC7B6E95D102FD65314440281E6A1D80A
:1017D000C8FBD3E7E6CDE121D60737C3870DD5F4A3
:1017E000ED145A4505E9E3A9F8A3EFFCD9026F67A8
:1017F00081F6718722619D6D0C38E5FD937198FD2E
:101800008A4C2A8D8E4379A6934C344405EB722280
:10181000059E1C4481EA0503534023448F4C344405
:1018200002EB33730A9E0C4485EA020159402144BD
:101830008B4C4C4403EB7151254482EA03044C4029
:101840002C44884D354401EB3444019E154483EA11
:10185000010262402A44844D3D4404EB72221D443F
:1018600081EA040353402B44804D354402EB33732B
:10187000049E294484EA02055D4029447C4D354498
:1018800003EB7151079E254482EA03044C402C442B
:10189000784D354401EB3444099E2A4483EA01051E
:1018A00065401544744A324404EB7525039E134485
:1018B00081EA04026A401A44704B734405EB3272A9
:1018C0000B4484EA0501514019446D4B634402EB1B
:1018D00071511C4485EA02034B401C44694B33445C
:1018E00001EB3444019E1D4482EA010363402B4412
:1018F000654D04EB73233544069E154463EA0102EB
:1019000062402A44614D03EBB2624D4462EA04092D
:1019100029445F4D89EA0309454449442C445D4DFF
:1019200002EBB1513544049E61EA03081D4488EA84
:101930000208444401EB744464EA02034B402B4424
:10194000554D04EBF323754463EA010E15448EEA0A
:10195000040E0EEB0502514D03EBB262354462EA10
:10196000040E29440A9D8EEA030EA5F580164C4DFF
:101970007144A6F6833602EBB151264461EA0304B2
:1019800054403444029E01EB7444354464EA020638
:101990001D444E407319089E424D04EBF323354419
:1019A00063EA01061544664072193F4D03EBB262CB
:1019B000654462EA040629443C4D5E403144079E7A
:1019C00002EBB151354461EA03062C44384D5640D0
:1019D0003D443444059E1D4401EB744464EA020313
:1019E0004B402B44334D04EBF32335440B9E1544FD
:1019F00063EA010262402A442F4D03EBB262354490
:101A0000039E0D4462EA0401594029442B4D02EB28
:101A1000B15135442A4E254461EA030454402C4414
:101A2000099D01EB74442E4464EA02051E4485EAD4
:101A300001039D1903681A440AEB040303EBF52321
:101A40000260436083681C44C36819448460C160B9
:101A50000DB0BDE8F08F00BF44EABEA4A9CFDE4BB5
:101A6000604BBBF670BCBFBEC67E9B28FA27A1EABE
:101A70008530EFD4051D880439D0D4D9E599DBE64B
:101A8000F87CA21F6556ACC4442229F497FF2A4370
:101A9000A72394AB39A093FCC3595B6592CC0C8F00
:101AA000D15D84854F7EA86FE0E62CFE144301A330
:101AB000A111084E827E53F735F23ABDBBD2D72A28
:101AC00091D386EB094B036003F18833436003F144
:101AD0002943A3F59613A3F68B638360A3F18833A0
:101AE000C3600023C0E90433704700BF012345678A
:101AF0002DE9F8431446026905460E46E300C2F399
:101B0000C50800F118079B18036122BF4369013320
:101B1000436112F4FC7F436903EB5473436114D0B7
:101B2000C8F1400907EB08004C4504D22246BDE845
:101B3000F84309F013BF403C4A464E4409F00EFFFB
:101B4000444439462846FFF76FFCA04606EB0409DB
:101B5000B8F13F0FA9EB08010AD94022384609F035
:101B6000FDFE39462846A8F14008FFF75DFCEFE787
:101B7000A1096FF03F02384602FB014206EB8111DA
:101B8000D5E7000070B50B6901F1180506460C4653
:101B9000C3F3C503EA18501C8022EA54C3F13F0284
:101BA000072A1FD8002100F087F929462046FFF7B1
:101BB0003BFC38220021284600F07EF923692946A3
:101BC0002046236563696365FFF72EFC21461022DA
:101BD000304609F0C3FE204658220021BDE870407F
:101BE00000F06AB9C3F137020021E5E72DE9F84FAB
:101BF0004FF47A7306460D46002402FB03F7DFF824
:101C00005080DFF8509098F900305FFA84FA5A1C3F
:101C100001D0A34210D159F824002A463146036866
:101C2000D3F820B03B46D847854205D1074B012069
:101C300083F800A0BDE8F88F0134042CE3D14FF401
:101C4000FA7007F0A1F90020F4E700BFE4330020A8
:101C50001022002014220020002307B50246012193
:101C60000DF107008DF80730FFF7C0FF20B19DF898
:101C7000070003B05DF804FB4FF0FF30F9E7000008
:101C80000A46042108B5FFF7B1FF80F00100C0B299
:101C9000404208BD074B0A4630B41978064B53F84A
:101CA0002140014623682046DD69044BAC4630BC28
:101CB000604700BFE433002014220020A08601000A
:101CC00070B50A4E00240A4D07F0DEFD308028680A
:101CD0003388834208D907F0D3FD2B6804440133CD
:101CE000B4F5003F2B60F2D370BD00BFE633002097
:101CF000A033002007F0A2BE00F1006000F5003024
:101D00000068704700F10060920000F5003007F0B5
:101D100017BE0000054B1A68054B1B889B1A8342AF
:101D200002D9104407F0ACBD00207047A03300205A
:101D3000E633002038B50446074D29B12868204411
:101D4000BDE8384007F0B4BD2868204407F09EFD88
:101D50000028F3D038BD00BFA0330020002070471A
:101D600000F1FF5000F58F10D0F800087047000018
:101D7000064991F8243033B100230822086A81F81B
:101D80002430FFF7BFBF0120704700BFA4330020FD
:101D9000014B1868704700BF0010005C194B0138F8
:101DA0000322084470B51D68174BC5F30B042D0CB6
:101DB0001E88A6420BD15C680A46013C824213464B
:101DC0000FD214F9016F4EB102F8016BF6E7013A38
:101DD00003F10803ECD181420B4602D22C2203F816
:101DE000012B0424094A1688AE4204D1984284BFCC
:101DF000967803F8016B013C02F10402F3D1581A02
:101E000070BD00BF0010005C24220020C8BA00088A
:101E1000022803D1024B4FF080529A61704700BFF5
:101E200000100258022803D1024B4FF480529A61ED
:101E3000704700BF00100258022804D1024A5369BB
:101E400083F48053536170470010025870B5044604
:101E50004FF47A764CB1412C254628BF412506FB2C
:101E600005F0641B07F090F8F4E770BD002310B58F
:101E7000934203D0CC5CC4540133F9E710BD000099
:101E8000013810B510F9013F3BB191F900409C4277
:101E900003D11AB10131013AF4E71AB191F90020E6
:101EA000981A10BD1046FCE703460246D01A12F9F4
:101EB000011B0029FAD1704702440346934202D025
:101EC00003F8011BFAE770472DE9F8431F4D14464C
:101ED0000746884695F8242052BBDFF870909CB3E3
:101EE00095F824302BB92022FF2148462F62FFF7B6
:101EF000E3FF95F824004146C0F1080205EB80009D
:101F0000A24228BF2246D6B29200FFF7AFFF95F853
:101F10002430A41B17441E449044E4B2F6B2082EA9
:101F200085F82460DBD1FFF723FF0028D7D108E034
:101F30002B6A03EB82038342CFD0FFF719FF0028FF
:101F4000CBD10020BDE8F8830120FBE7A4330020BB
:101F5000024B1A78024B1A70704700BFE43300201E
:101F600010220020F8B5194C194806F005FB21464F
:101F7000174806F02DFB24684FF47A70154ED4F8FC
:101F80009020154DD2F80438114F43F00203C2F8E7
:101F90000438FFF75BFF2046104906F027FCD4F811
:101FA00090200424D2F8043823F00203C2F8043845
:101FB0004FF4E133336055F8040BB84202D0314698
:101FC00006F038FA013CF6D1F8BD00BF7CC8000825
:101FD00018490020CC3300201422002084C80008B7
:101FE0000C4B70B50C4D04461E780C4B55F8262052
:101FF0009A420DD00A4B002118221846FFF75CFFC9
:102000000460014655F82600BDE8704006F012BA9B
:1020100070BD00BFE43300201422002018490020C6
:10202000CC3300202DE9F04771B6464B01201D68E6
:10203000454BB3F8008000231A46194605F042F9D3
:102040000446802007F09AFD0746002862D0002C45
:1020500060D03E4EADB24FF0800A7369284643F01F
:10206000C0637361D6F8143143F0C063C6F814310D
:1020700007F006FC05EB080200FB05F34FF4D06CFB
:1020800050434FF03D0E984233D93269520144D447
:10209000D6F81021510140D4216803F100628A6012
:1020A0002268D7602268C2F804A02268C2F800C083
:1020B000D4F80090D9F8002042F00102C9F80020BD
:1020C000D4F80090D9F8002022F01E02C9F80020B0
:1020D000D4F80090D9F80020D207FBD494F80C90E3
:1020E000803361680EFA09F20A60CCE7002007F03D
:1020F000A5FC204605F026F9384607F07BFD134B7A
:102100005A6942F0C0625A61D3F8142142F0C062A9
:10211000C3F8142161B6BDE8F0870D4B9A6A42F40A
:1021200000729A629A6A42F400429A6261B600268C
:10213000012007F083FCB045D8D9A819013607F073
:10214000B7FBF8E7A0330020E63300200020005260
:1021500000ED00E030B50A44084D91420DD011F871
:10216000013B5840082340F30004013B2C4013F08E
:10217000FF0384EA5000F6D1EFE730BD2083B8EDCD
:1021800030B5002489B00B4D1C22214601A80094D3
:10219000FFF792FE20226946281909F0ADFB30B9FD
:1021A0002034B4F5A07FF5D1012009B030BD002066
:1021B000FBE700BFE80200082DE9F047D8B004466D
:1021C0000D4616461F46FFF7DBFF90BBA369482B61
:1021D00031D1082204F11C01184809F08DFB50BBD5
:1021E0008246DFF85C80DFF85C904FF4B07200212B
:1021F0006846FFF761FE08EB0A0204F12401684615
:1022000002F0F0F92A464946684602F0F1F96846BC
:102210003A46314602F0ECF9684602F0EBF928B193
:102220000AF1200ABAF5A07FDFD1122058B0BDE82C
:10223000F0870020FAE71120F8E700BFECBA0008A9
:10224000E8020008000002083E4A2DE9F341106848
:102250006B4651686A4603C308233B493B4809F073
:102260005BFB0446002834D10A24FFF789FF0028CD
:1022700063D0374A6B46106851686A4603C3082327
:102280003449324809F048FB0546002855D0036917
:10229000B3F5F01F51D8428B8C2A4ED12E4A0244FE
:1022A00002F110018B4248D3103B284900209E1AAE
:1022B000FFF750FF05F11801074632460020FFF7EF
:1022C00049FFAB689F4238D1EB68984208BF0024B1
:1022D00033E00369B3F5F01F01D90B24C5E7B0F86B
:1022E00066208C2A01D00C24BFE71B4E064406F161
:1022F0005C02934201D21024B7E75C3B00F1640713
:10230000324612499D1B0020FFF724FF39468046C4
:102310002A460020FFF71EFFA368984501D00D2430
:10232000A3E7E3689842FAD120462B463A46314665
:10233000FFF742FF0446002897D1204602B0BDE8CF
:10234000F08100BFD8BA000890FF1D00000002080D
:10235000E1BA0008DCFF1D000800FEF78378427830
:102360001B04007843EA0223184370470068704753
:1023700008B50246FFF7FAFF0346101DFFF7F6FF08
:102380000146184608BD00000B0A017043700B0C93
:10239000090E8370C170704708B501EB8202031FFC
:1023A00008460431FFF7E2FF43F8040F9142F7D1EA
:1023B00008BD000010B500EB82020C1F54F8041F8A
:1023C000FFF7E2FF04309042F8D110BD2DE9F04153
:1023D00088460546FFF7CCFF06460C464046FFF709
:1023E000C7FF464005F108004C40FFF7C1FF074614
:1023F0000D4608F10800FFF7BBFF78406940304305
:102400002143BDE8F0810000F8B506460F46FFF70E
:10241000DDFF05460C4606F1100007F11001FFF73D
:10242000D5FF28432143F8BD2DE9F04F0368B7B02D
:10243000384CC1F1000A1A93436837491B938368EB
:10244000364D1C93C368364F1D930369DFF8F8B00F
:102450001E9343698AEA0B0B324E1F938369DFF8A0
:10246000ECE02093C369DFF8E8C02193036A22936C
:10247000436A2393D0E9102362402B4C05922B4AE8
:1024800053400693836A2493C36A2593D0E91223A9
:1024900062400D92264A5340264A0E93036B0092E7
:1024A0002693436B279381EAEA7320991793836BF2
:1024B00018912893C36B289A299300F15003119225
:1024C000299A21991292269A19910792279A1E9970
:1024D0000892249A159103921F99259A16910492B5
:1024E000DDE922421C990F911D9910911A990991C9
:1024F0001B990A911049CDE9015101F14F7101F584
:10250000D341583113910D4914910D49CDE90B7107
:102510000C4F1FE0D182E6ADABD9831F79217E132A
:102520002BF894FE85AE67BB1F6C3E2B7F520E517D
:102530008C68059B8CBF000819CDE05B3AF54FA570
:1025400072F36E3C3BA7CA846BBD41FB08C9BCF368
:1025500067E6096A0099097803EBC10553F8311061
:102560006D68611842EB0508099D49190A9D45EB04
:102570000808059D81EA0509069D88EA050A1AEB07
:102580000E0E4CEB090C8EEA04048CEA0202250EB6
:1025900045EA0225120E42EA0422009C6478099260
:1025A00003EBC40253F834405268091948EB02089F
:1025B0004A190592099A48EB02020692059A82EAA4
:1025C0000A0A069A4FEA1A4182EA090941EA0942CF
:1025D00009994FEA1949349249EA0A423592349AE4
:1025E0001EEB02022A92359A4CEB02022B922A9A97
:1025F00055402B9A51400A46490041EAD5716D0079
:10260000339145EAD2723292009A927803EBC2017A
:1026100053F832204968039C0D9DA218049C44EB9A
:10262000010E0F9912EB010A1099009A41EB0E0E60
:102630000E9985EA0A058EEA0108039918EB070747
:1026400046EB050687EA010C74404FEA1C6141EA3B
:102650000421240E44EA0C2492F803C003EBCC09B5
:1026600053F83CC0D9F804901AEB0C024EEB090E5B
:1026700052180D924EEB04020E920D9A82EA08084F
:102680000E9A55404FEA184242EA05422D0C30920C
:1026900045EA08423192309ABA182C92319A46EBA8
:1026A00002022D922C9A51402D9A5440620042EA27
:1026B000D1724900099241EAD4720492009A1279C7
:1026C00003EBC20153F832204D6807998A18089924
:1026D00041EB050515995218169941EB0505179917
:1026E00082EA0B04039285EA010A0B99009A1AEB1D
:1026F00001060C9992F805E041EB040B079953F899
:102700003E8086EA010C0899039A8BEA01074FEA9A
:102710001C6112EB080241EA07214FEA176747EAFA
:102720000C2703EBCE0CDCF8049045EB090552189E
:10273000159245EB07021692159A82EA0A0A169A32
:102740004FEA1A49544049EA0442240C2E9244EAC2
:102750000A42119C2F922E9AB6182F9A4BEB020B1D
:1027600071408BEA07077A0042EAD1724900089269
:1027700041EAD7720792009A917903EBC10253F8AC
:10278000311052686118129C44EB0208189A89189B
:10279000199A42EB0808019A029C4A40129F88EA63
:1027A000040E139C1EEB0405149C44EB0209119CBF
:1027B0006C4089EA070C270E47EA0C274FEA1C6C8D
:1027C0004CEA042C009CE47903EBC40A53F834402F
:1027D000DAF804A00919059C48EB0A08C9191791F1
:1027E00048EB0C011891179981EA0E0E18994FEADF
:1027F0001E4A4A404AEA024A120C15EB0A0542EA0E
:102800000E4E87EA050749EB0E0989EA0C0C4FEAE0
:102810004C0848EAD7727F00129247EADC721192A4
:10282000009A117A03EBC10253F831105268611813
:10283000069C44EB0208049A8918099A48EB02089E
:1028400081EA0A0A049A88EA0E0E1EEB06064BEB92
:102850000A0B86EA0204099A270E8BEA020247EA6B
:1028600002274FEA126C009A527A4CEA042C03EBCE
:10287000C20453F832206468891848EB0408CA1966
:10288000099248EB0C020A92099A8EEA020E0A9A01
:102890008AEA020A4FEA1E4242EA0A424FEA1A4A0A
:1028A00001924AEA0E420292019A92190B92029AFE
:1028B00042EB0B020C920B9A57400C9A8CEA020CDA
:1028C0004FEA4C0444EAD772359C7F00049247EAF1
:1028D000DC720392009A927A03EBC20153F8322021
:1028E0004E680D998A180E9941EB0606079912EB6E
:1028F00001080899009A46EB0106349986EA040A11
:1029000088EA0101079C1AEB050549EB010985EAF4
:10291000040C089C89EA04074FEA1C6444EA072473
:102920003F0E47EA0C2792F80BC003EBCC0E53F88E
:102930003CC0DEF804E018EB0C0246EB0E06121960
:102940000F9246EB070210920F9A8AEA020A109A37
:1029500051404FEA1A4242EA0142090C059241EA0B
:102960000A420692059A52191392069A42EB0902FC
:102970001492139A5440149A57407A0042EAD4723F
:102980006400089244EAD7720792009A127B03EB24
:10299000C20153F832204D6815998A18169941EBF7
:1029A0000505119912EB010A1299009A45EB0105F0
:1029B00030998AEA0106319985EA01072A9911EBD3
:1029C000070E2B9941EB060C11998EEA010412991E
:1029D0008CEA0108210E41EA08214FEA186848EA0A
:1029E000042492F80D8003EBC80953F83880D9F815
:1029F00004901AEB080245EB09055218159245EBB5
:102A000004021692159A5740169A56403A0C42EA1A
:102A10000642360C0D9246EA07420E920D9A12EBD0
:102A20000E0E0E9A42EB0C0C81EA0E0184EA0C04A5
:102A30004FEA440A4AEAD1724900129241EAD4723A
:102A4000179C1192009A917B03EBC10253F831104D
:102A500052686118189C44EB0208329A009C89184D
:102A6000339AE47B48EB02082E9A81EA02092F9AF6
:102A700088EA020A2C9A12EB0A072D9A42EB090601
:102A8000329A87EA020B339A4FEA1B65724045EA95
:102A90000225120E42EA0B2203EBC40B53F834401A
:102AA000DBF804B0091948EB0B084919189148EBF9
:102AB0000201199118998AEA010A199989EA01090A
:102AC0004FEA1A4141EA094B4FEA19491BEB070744
:102AD00049EA0A4185EA070541EB0606179182EAB1
:102AE00006014A0042EAD5726D0045EAD1740099A8
:102AF00010310091009D3949A9427FF42BAD099B0B
:102B00000C9D83EA0E010A9B83EA0C081A9B59402C
:102B10001B9B88EA0303C0E900130F9B13997B40BA
:102B20001F46109B73401E461C9B5F401D9B5E40D2
:102B3000159BC0E902760B9E5E40169B5D401E9B76
:102B40005E401F9B5D40189BC0E904655940199D7C
:102B5000149B83EA0508209B5940219B88EA0303C4
:102B6000C0E90613059B83EA0409069B83EA020A6F
:102B7000229B89EA0304239B8AEA0302C0E90842F4
:102B8000039B0D9A049C83EA020C0E9B259A5C40E1
:102B9000249B12998CEA03035440179AC0E90A3423
:102BA000079B83EA0B04089B83EA020A269B5C408E
:102BB000279B8AEA0302119BC0E90C42019A5A4002
:102BC000029B83EA010A289B5A40299B8AEA030355
:102BD000C0E90E2337B0BDE8F08F00BF4CC000083D
:102BE00070B505460E46144622B980222146503063
:102BF000FFF762F924F00700E40004F038042844E9
:102C0000A4F12003C4F1200206FA04F406FA03F347
:102C100026FA02F21343D0E9146234431343C0E9A5
:102C2000144370BD28220021FFF746B90123242256
:102C3000002140F8043BFFF73FB90000002351F8A2
:102C4000232040F8232001330A2BF8D170470000DD
:102C5000002351F82320524240F8232001330A2B4D
:102C6000F7D17047002330B551F8234052F8235074
:102C70002C4440F8234001330A2BF5D130BD00002D
:102C8000002330B551F8234052F82350641B40F81C
:102C9000234001330A2BF5D130BD000030B552423C
:102CA000041F0439243054F8045F51F8043F84426F
:102CB00083EA050303EA020383EA05032360F2D1F2
:102CC00030BD00002DE9F04F8BB0044608460025CA
:102CD000FFF74CFB0190081DFFF740FB8301C81D67
:102CE0000093FFF73BFB4FEA401A01F10A00FFF7A0
:102CF00035FB4FEAC00B01F10D00FFF72FFB8600FB
:102D000001F11000FFF732FB814601F11400FFF7DB
:102D100025FB4FEAC01801F11700FFF71FFB470121
:102D200001F11A00FFF71AFB030101F11D000493E2
:102D3000FFF714FB019A6C4B03EA800312F1007059
:102D400005934FEA906045F1000340EA83109B161B
:102D500081064FEA901C521A06926CEB4C020792C5
:102D6000009A101843F1000216F1007C45F10001B1
:102D70004FEA9C6C4CEA811C89164FEA8C634FEA3F
:102D80009C15F31A65EB450619EB0C0941F100019E
:102D900010F1807C42F100054FEA5C6C4CEAC51CE6
:102DA0006D161AEB0C0AA0EB4C6245F1000519F107
:102DB000807008924FEA506041F1000240EAC21070
:102DC0005216A9EB4061099118EB0001009142F104
:102DD00000021AF1007145F10005890E41EA8511E2
:102DE000AD161BEB01004FF0130B019045F10005F0
:102DF000009810F1007042F10002800E40EA82104B
:102E000092163F18029742F10002019F17F1807E4F
:102E100045F100054FEA5E6E4EEAC51E029D13EBBA
:102E20000E0346F1000615F18077049D42F1000281
:102E30007F0E039347EAC2175216ED1942F10002C2
:102E400013F1007C049546F100064FEA9C6C069B4A
:102E50004CEA861C15F10076059D42F10002B60E83
:102E600046EA8216921615EB060942F1000219F1A4
:102E7000807542F100026D0E45EAC215A5FB0B2BD1
:102E8000A9EB4565D218079B4BEB030B12F10078B9
:102E9000089B4BF1000B4FEA986848EA8B18A2EBAD
:102EA0008862226013EB08026260AAEB8162A26072
:102EB000019B6562A3EB4E61039BA3EB8C63E16016
:102EC0002361099B13EB0C036361009BA3EB8063FD
:102ED000A361029BA3EB4760049BA3EB8666E061C2
:102EE00026620BB0BDE8F08FFCFFFF012DE9F04F2B
:102EF0000D688BB00C694FF0130B82FB055C82FBF5
:102F0000044615F100774CF1000ABF0E47EA8A1714
:102F10004FEAAA680AF07C4ABB064AEA971AEB1AFB
:102F20004D6806936CEB0A0314F1007CC2FB057834
:102F3000079346F1000E4FEA9C6C4D694CEA8E1CDB
:102F40004FEAAE6A0EF07C4E4FEA8C634EEA9C1E4E
:102F5000C2FB05CAE41A66EB0E0E17F1807548F144
:102F600000086D0E45EAC8154FEA6863A7EB456691
:102F70008F6808961CF18076C2FB07534AF1000A5D
:102F8000760E15F1007946EACA1643F100034FEABE
:102F90009969ACEB466749EA831909974FEA6A6A6F
:102FA0008F699B16A5EB8965C2FB076ACF680196FE
:102FB0004E46C2FB07630296019ECF6916F1007C64
:102FC0004AF1000A4FEA9C6C4CEA8A1C4FEAAA6A52
:102FD0006646C2FB076A0396029E16F1807843F1AB
:102FE00000034FEA586848EAC31814EB08044EEB94
:102FF0006366039B13F180770B6A496A4AF1000A02
:103000007F0E856047EACA174FEA6A6ABE46C2FB6E
:1030100003EACDF810E014F1007E46F100034FEA18
:103020009E6E4EEA831E049B13F10076A4EB8E6421
:103030004AF10003B60E46EA83169B16B246C2FB5F
:1030400001A31AF18071CDF814A043F10003490ED9
:1030500041EAC3115B16A1FB0B2A0BFB03AA069BDB
:10306000D218079B4AEB030A12F100734AF1000AD7
:103070009B0E43EA8A13A2EB83620260089AD3187C
:103080004360029BA3EB4863C3600461099B13EB9D
:103090000E034361019BA3EB8C638361039BA3EB52
:1030A0004767049BA3EB8666059BC761A3EB416161
:1030B000066241620BB0BDE8F08F00002DE9F04FD1
:1030C000A5B04FF0130E8146D1E90053D2E9008438
:1030D00008938B680EFB04F00193CB680993D1E948
:1030E00004C30A93D1E906730B93D1E908630C93E7
:1030F00093680293D36804931369069353690D93FD
:1031000093690F93D3691693136A1893536A1993AB
:10311000089B5B001093099B5B0011930A9B5B006B
:1031200012930B9B5B0013930C9B5B001493029B0D
:103130000EFB03F31A93049B0EFB03FB069B0EFB93
:1031400003F317930D9B0EFB03F315930F9B0EFBDD
:1031500003F30E93169B0EFB03F30793189B0EFBD2
:1031600003F30593199B0EFB03F30393039A109B40
:1031700083FB021A019B1A46059BC5FB081AC2FB7A
:10318000031A119B1A46079BC2FB031A0E9BCCFB2A
:10319000031A129B1A46159BC2FB031A179B039A2C
:1031A000C7FB031A139BC3FB0B1A1A9BC6FB031A1C
:1031B000149BC3FB001A089B1B9188FB03300199E9
:1031C000C5FB0430C2FB013005990A460999C2FBD0
:1031D00001300799C1FB0C300E990A460A99C2FBCF
:1031E00001301599C1FB073017990A460B99C2FBAC
:1031F00001301A99CBFB063002460C98C1FB003215
:103200001A93109B029983FB04301C92C5FB01307A
:103210000199039AC8FB01301199C2FB013005994D
:10322000C1FB0C3007990A461299C2FB01300E9976
:10323000C1FB073015990A461399C2FB0130179953
:10324000C1FB06301499CBFB01300299CDE91D304A
:10325000089B83FB01B0049B0A99C5FB03B0019B4B
:10326000C3FB04B0099BC8FB03B0039BC3FB0CB0BA
:10327000059BC3FB01B0079B0B99C3FB07B00E9BDB
:10328000C3FB01B017990C9BC2FB06B0C1FB03B096
:10329000109B0499209083FB01310698CDF87CB0F7
:1032A000C5FB0031019802460298C2FB003111981B
:1032B000039AC0FB04311298C8FB0C31C2FB0031E9
:1032C0000598C0FB0731079802461398C2FB0031EE
:1032D0000E98C0FB0631159802461498C2FB0031C7
:1032E00006981593089B0D9A83FB00031791C5FB65
:1032F0000203019A9346049ACBFB0203099A934670
:10330000029ACBFB02030A9ACCFB0403C8FB02031C
:10331000039AC2FB0703059A93460B9ACBFB020361
:10332000079AC2FB06030E9A93460C9ACBFB020344
:103330000D9A2193109B0E9083FB02030F9AC5FBFD
:103340000203019A9346069ACBFB0203119A934615
:10335000049ACBFB0203029ACCFB0203129AC2FB33
:103360000403139A0399C8FB0703C1FB0203059AE0
:10337000C2FB0603079A9346149ACBFB02030F9AEB
:103380002293089B079083FB0203169AC5FB020356
:10339000019A93460D9ACBFB0203099A9346069A2B
:1033A000CBFB0203049ACCFB02030A9A9346029ACF
:1033B000CBFB02030B9AC7FB0403C8FB0203059A6D
:1033C000C1FB060393460C9ACBFB0203169A239388
:1033D000109B059083FB0203189AC5FB0203019A18
:1033E00093460F9ACBFB0203119A93460D9ACBFB9F
:1033F0000203069ACCFB0203129A9346049ACBFB73
:103400000203029AC7FB0203139AC2FB0403149A35
:10341000C8FB0603C1FB0203189A1193089B109086
:1034200083FB023219981799C5FB003201981546A3
:10343000169AC0FB0235099A0F98C2FB00350D9A07
:103440000698CCFB02350A9AC2FB0035049A029812
:10345000C7FB02350B9A159FC2FB00350C98C6FBC3
:1034600004352A461B9CC8FB003206931B9B08921E
:1034700013F100764AF10000B60E46EA801600F01D
:103480007C43B20643EA9613A21A6AEB030309923D
:103490000A931A9B9E191C9B43EBA060159B13F18A
:1034A0000075179B4FEA956543F1000345EA8315C4
:1034B00003F07C44AA0644EA9514BA1A61EB0401AD
:1034C0000E9C6519219C44EBA36316F1807440F1B6
:1034D0000000640E44EAC014A6EB44660B961D9EE1
:1034E000341901941E9C44EB606015F1807443F123
:1034F0000003640E44EAC314A5EB44650C95079DD4
:103500002C190294229C44EB6363019C14F1007417
:1035100040F100004FEA94681F9C48EA801814EBC1
:10352000080B209C44EBA060029C14F10076059CE3
:1035300043F10003B60E46EA831614EB060A239CF9
:1035400044EBA3631BF1807C40F100004FEA5C6C0C
:103550004CEAC01C12EB0C0241EB60611AF1807561
:10356000109843F100036D0E039245EAC31540190C
:10357000AAEB45650490119840EB636312F1007764
:1035800041F10001BF0E47EA8117049911F100745F
:10359000069943F10003A40E44EA83140919059126
:1035A000089941EBA363059911F1807043F1000381
:1035B000400E40EAC3105B16A0FB0E120EFB032365
:1035C000099A89180A9A43EB020311F1007E43F12C
:1035D00000034FEA9E6E4EEA831E0B9B13EB0E0315
:1035E000A1EB8E61C9F80430019BC9F80010A3EB70
:1035F0008863C9F80830ABEB4C63C9F80C30039B07
:10360000A3EB8762C9F810200C9BC9F81C50DF1986
:10361000029BA3EB8666049BC9F81470A3EB846439
:10362000059BC9F81860A3EB4060C9F82040C9F8B1
:10363000240025B0BDE8F08F2DE9F04F95B082460B
:103640004FF02608D1E90262D1E9003008924FEA32
:10365000400B4FEA430ED1E904720392D1E90652BE
:1036600004920A6A05924A6A13210992720006922C
:10367000089A52000192039A52000292049A520050
:103680000A9201FB05F20B92049A08FB02F20792E0
:10369000059A01FB02F9099A039908FB02F208FB5B
:1036A00001F88BFB021CC3FB031C7300C3FB091C4A
:1036B000019B1C46079BC4FB031C0B9C7B00C3FBAC
:1036C000041C039BC3FB081C82FB06380C91019968
:1036D000CEFB0038C9FB01380799C1FB07380299B6
:1036E0000C460B99C1FB04380D938BFB00310198FC
:1036F000CEFB0631C2FB00317800C9FB00310798D0
:1037000004460298C4FB00310B98C0FB05310898B1
:103710000E910B938BFB0631CEFB00310298C2FB5E
:103720000731C9FB0031C4FB0531CDE90F31019BE5
:10373000680002998BFB0334CEFB0734C6FB0634CA
:10374000C2FB01340799C9FB00340498C1FB003463
:103750008BFB07160793039B0898C3FB0E16069B6B
:10376000C3FB00160A98C2FB05160B463146C9FB7F
:103770000031CDE91131029B8BFB0310069BCEFB80
:103780000510C3FB0710019B1E46089BC6FB0310D8
:103790000A9BC2FB0310059B0E46C9FB03608BFB13
:1037A00005130896049ECEFB0613069EB146039EA3
:1037B000C9FB0613019EC6FB0713059E89460699A1
:1037C000C2FB069313930A9BCDF80C908BFB0393DB
:1037D000CEFB0693C1FB0593DDE90116C1FB069301
:1037E0000999C7FB0793C2FB01930A93059B0E46F9
:1037F0008BFB0312069BCEFB0612049EC3FB061234
:10380000019BC3FB0512029D0E461346C7FB0563D1
:1038100006930C9B0C9D13F1007E05964CF1000164
:103820004FEA9E6E4EEA811E01F07C434FEA8E62A3
:1038300043EA9E13AD1A6CEB03030995079D0C93A5
:103840000D9B13EB0E0E079B48EBA16813F1007C58
:1038500044F100034FEA9C6C4CEA831C03F07C416A
:103860004FEA8C6241EA9C11AA1A64EB0104119997
:1038700011EB0C0C129941EBA3631EF1807648F119
:103880000001760E46EAC116AEEB466507950B9D24
:10389000AD1901950E9D45EB61611CF1807E43F1F0
:1038A00000064FEA5E6343EAC613ACEB43650B9533
:1038B000089DEB18029340EB6663019810F10076C7
:1038C0000F9841F100014FEA966848EA811810EB21
:1038D000080B109840EBA161029810F1007643F1BB
:1038E0000000B60E039B46EA80169B190393139BB8
:1038F00043EBA0631BF1807C41F100004FEA5C6C5C
:103900004CEAC01C12EB0C0244EB60610398049279
:1039100010F180750A9843F100036D0E45EAC31556
:1039200019EB050940EB636312F100774FF01302C6
:1039300041F1000119F100744FEA976743F1000368
:10394000A40E47EA8117059944EA83140919A9EBE3
:1039500084640591069941EBA363059911F1807088
:1039600043F10003400E40EAC3105B16A0FB021EA9
:1039700002FB03E3099A89180C9A43EB020311F145
:10398000007E43F100034FEA9E6E4EEA831E079BC2
:1039900013EB0E03A1EB8E61CAF80430019BCAF849
:1039A0000010A3EB8863CAF80830ABEB4C63CAF88D
:1039B0000C30049BA3EB87620B9BDF19CAF8102025
:1039C000CAF81470029BCAF82040A3EB8666039BDA
:1039D000A3EB4565059BCAF81860A3EB4060CAF8E5
:1039E0001C50CAF8240015B0BDE8F08F0029A1BF13
:1039F000CB1001F00701C05C40FA01F1ACBF01F04F
:103A0000010000207047000070B500F11C02041F87
:103A1000084E0120002556F8041B54F8043FC94302
:103A20005B1845EB05011B1841F10000A242F2D1E1
:103A300070BD00BFF4BA0008F8B500240646084679
:103A40000D46FFF7E1FFDFF834C00246C117C0F1B1
:103A5000000E20465CF8043B55F824702EEA030360
:103A6000DB1940EB00079B1846F8243004F10104F1
:103A700041EB07020021082CECD1F8BDF4BA000894
:103A800010B50446FFF7CEF804F12800FFF7CEF892
:103A900004F15000FFF7CAF804F17800BDE81040C7
:103AA000FFF7C0B838B50A4605460C462831FFF77F
:103AB000D9F82830FFF7E4F804F1500105F150007F
:103AC000FFF7BCF804F1780105F17800024ABDE87F
:103AD0003840FFF7F3BA00BF3CBB00082DE9F043C4
:103AE00095B0044616460D460A466846283104F14C
:103AF0002808FFF7B7F80AA8FFF7C2F83246694668
:103B00006846FFF7DBFA0AA906F1280204F150071C
:103B1000084604F17809FFF7D1FA0AAA6946404637
:103B2000FFF7A0F82046FFF7ABF805F15002384642
:103B30001146FFF797F806F150023946FFF7BEFA33
:103B400006F1780205F178014846FFF7B7FA4A46D0
:103B500039466846FFF786F80AA8FFF791F842460B
:103B600021464846FFF7AAFA0AAA21462046FFF74F
:103B7000A5FA6A4641464046FFF7A0FA0AAA6946F6
:103B80003846FFF79BFA15B0BDE8F0832DE9F84FF2
:103B90000A9E1C460546904618460F460A4628319E
:103BA000FFF760F8304605F1280AFFF769F842464A
:103BB0002146204605F15009FFF780FA08F1280256
:103BC00031463046FFF77AFA324621465046FFF733
:103BD00049F82846FFF754F807F1500205F1780B31
:103BE00048461146FFF73EF808F1500207F1780108
:103BF0005846FFF763FA5A4649462046FFF732F81F
:103C00003046FFF73DF8524629465846FFF756FA28
:103C1000324629462846FFF751FA22465146504679
:103C2000FFF74CFA324621464846BDE8F84FFFF709
:103C300045BA00002DE9F04714468946074610466C
:103C400004F1280809F1280A04F15005FFF7F4FCF3
:103C500051464046FFF7F0FC09F15001284604F1B7
:103C60007806FFF7E9FC294628460222FFF73EF9CD
:103C7000494607F1780952463046FEF7F3FF3146D0
:103C80004846FFF7D9FC224641463046FEF7EAFF98
:103C90004046FEF7F5FF324649462046FEF7F0FF64
:103CA000424629462846FEF7EBFF2A46214638467B
:103CB000FFF704FA4246314607F12800FFF7FEF904
:103CC0002A46414607F15000FFF7F8F932462146EF
:103CD0004846BDE8F047FFF7F1B9000038B5FC22CF
:103CE00004460D4611462846FFF780FE08B9013A02
:103CF000F8D14FF6FF7301322380E270A37038BD14
:103D00002DE9F84F9846C37805460E4693420CD1EC
:103D100011464046571EFFF769FE044640463946A5
:103D2000FFF764FE844209D1EF70B5F90030934289
:103D30000CBF95F902000020BDE8F88F511C4FF030
:103D400000098E42A8BF0E4606F1FF3A971B04FAFF
:103D50000AF4BB466442CA450BF1010B09DD594622
:103D60004046FFF743FE00FA09F009F10109044457
:103D7000F1E739464046FFF739FE044463422340E9
:103D800013F0AA0F14BF0120002013F0CC0118BFBC
:103D9000022113F0F00340EA010018BF0423511C74
:103DA00003438E1B1E4444FA03F32E80AB70BBE723
:103DB000D0E9103210B5D0F8D04000211B1952F1D3
:103DC000000228BF0121C0E9103231B1D0E912321E
:103DD000013342F10002C0E9123210BD70B50D4648
:103DE000A0F1080600F1780428460835FEF7C0FA6D
:103DF000E6E90201A642F7D170BD0000F8B504461D
:103E00000D468E180027B54218D0D4F8D030802B3C
:103E100007D12046FFF7CCFF0021FEF705FBC4F8D1
:103E2000D070D4F8D020204615F8011BFEF7D8FE3C
:103E3000D4F8D0300133C4F8D030E4E7F8BD000046
:103E400008B5FEF7E1FA0843B0FA80F040090138FE
:103E500008BD000000231A468B4202D0C254013331
:103E6000FAE7704770B59EB005460C4604266846D2
:103E7000FFF7E2FB69460AA8FFF7DEFB0AA908463E
:103E8000FFF7DAFB0AAA21461046FFF717F90AAA3C
:103E900069466846FFF712F969466846FFF7CCFBAA
:103EA0006A460AA96846FFF709F969460AA8FFF7B2
:103EB000C3FB0AA90846FFF7BFFB013EF9D16A46DA
:103EC0000AA968460926FFF7F9F869460AA8FFF724
:103ED000B3FB0AA90846FFF7AFFB013EF9D10AA9D7
:103EE0006A4613260846FFF7E9F80AA914A8FFF75F
:103EF000A3FB14A90846FFF79FFB013EF9D10AAACC
:103F000014A909261046FFF7D9F80AA90846FFF7B1
:103F100093FB0AA90846FFF78FFB013EF9D16A46D9
:103F20000AA968463126FFF7C9F869460AA8FFF7CB
:103F300083FB0AA90846FFF77FFB013EF9D10AA9D6
:103F40006A4663260846FFF7B9F80AA914A8FFF7DE
:103F500073FB14A90846FFF76FFB013EF9D10AAACB
:103F600014A931261046FFF7A9F80AA90846FFF759
:103F700063FB0AA90846FFF75FFB013EF9D16A46D9
:103F80000AA96846FFF79AF869466846FFF754FBA6
:103F900069466846FFF750FB224669462846FFF708
:103FA0008DF828216846FFF755FF0DEB0100FFF75C
:103FB00051FF14A8FFF74EFF1EB070BD10B58CB0B6
:103FC000044602A80191FFF74DFF02A90846FFF73A
:103FD00033FB02A90846FFF72FFB02A9019A084606
:103FE000FFF76CF802A90846FFF726FB019A02A921
:103FF0002046FFF763F8282102A8FFF72BFF0CB03B
:1040000010BD000070B58AB002460B4601F12806CB
:104010006D461868083353F8041C2C46B34203C499
:104020002546F6D11321099B684600244B43694677
:1040300003F180735B160568013408302B4450F897
:10404000045C052C05EBA3634FEA6363F3D11320F3
:10405000002443430868013408310344052C23F04D
:104060007C4041F8080C51F8040C00EBA3604FEAC7
:10407000606320F07E4041F8040CEBD11046DDE98E
:10408000003143EA8161FEF77FF90299019B101D1F
:10409000C90441EA9311FEF777F90399029B02F1F3
:1040A0000800490341EA5331FEF76EF90499039B76
:1040B00002F10C00890141EAD341FEF765F902F1F2
:1040C0001000DDE9053143EA4161FEF75DF907992A
:1040D000069B02F11400C90441EAD311FEF754F91A
:1040E0000899079B02F11800090341EA5331FEF7D2
:1040F0004BF90999089B02F11C00890141EA13510F
:10410000FEF742F928216846FFF7A4FE0AB070BD09
:104110002DE9F04F2DED028B9DB00C46642200215D
:1041200008EE100A03A8FDF7C7FE0DF10C080022E7
:10413000DFF8E0E0414604F13C099246CDF800800A
:104140005EF8043B251F8C4600269846284650F80A
:10415000047FD346DCF800300197019FE8FB073B62
:104160009B194BF1000681454CF8043BEFD101321D
:104170000E640431092AE3D10021202203A8FDF7AF
:104180009BFE002103AB8E461A6C0020DFF888A04E
:104190009C4690460646C1F108095AF8047BF3464E
:1041A000DCF8002001300197019FE8FB072B9219F2
:1041B0004BF1000648454CF8042BEED30131043393
:1041C0000829E1D11C3401210020009B1A6855F810
:1041D000043FD2439B1840EB00025B18009941F862
:1041E000043B009142F10001A542EED103A908462B
:1041F000FFF722FC082203A918EE100AFEF7DAF8EE
:10420000642103A8FFF726FE1DB0BDEC028BBDE8BC
:10421000F08F00BF4CC00008F4BA000810B588B099
:1042200001466846FFF7EEFE9DF8004068462021F3
:1042300004F00104FFF70EFE204608B010BD000098
:1042400030B59FB00D46044650316846FFF7B6FEC4
:104250006A4629460AA8FEF731FF6A4605F1280199
:1042600014A8FEF72BFF14A92046FFF7CBFE0AA8DF
:10427000FFF7D4FFE37F282183EAC010E077684688
:10428000FFF7E8FD0DEB0100FFF7E4FD14A8FFF7D1
:10429000E1FD1FB030BD000010B590B00446102203
:1042A00001466846FEF778F869462046FFF730FF7A
:1042B00040216846FFF7CEFD10B010BD10B590B09C
:1042C0000C4601466846FFF79DFE214608A8FFF709
:1042D00099FE08A96846FFF7B3FD20210446684609
:1042E000FFF7B8FD0DEB0100FFF7B4FD601C10B047
:1042F00010BD0000F0B595B004466846FEF79EFC80
:1043000069462046FFF7AEFD21460AA8FFF794F95B
:104310000AA96A460846FEF7D1FE6846FEF786FC03
:1043200069460AA8FFF7CAFF694606466846FEF7CF
:104330008FFC0AA8FFF7C2FF104A054668461146DF
:10434000FEF786FC69460AA8FFF7B8FF0746214634
:1043500068460A4AFEF7B2FE45EA07026946204669
:10436000FEF79CFC28210DEB0100FFF773FD68466A
:10437000FFF770FD46EA050015B0F0BDA4BB0008CC
:10438000DFF880C02DE9F0419046A0B004460E460B
:104390001D4600F108070CF138026346083703CBCD
:1043A000934247F8080C47F8041C9C46F5D186EA6E
:1043B0000522124B0021534000222360104B636002
:1043C0000023C4E93416C4E91023C4E912238DB1D3
:1043D0007C2201A80091FDF76FFD2A464146684600
:1043E000FDF744FD694604F15000FFF7F7FC802318
:1043F000C4F8D03020B0BDE8F08100BF08C9BDF2DC
:1044000067E6096A6CBB0008002340211A46FFF7E3
:10441000B7BF00008830FFF7F7BF00002DE9F04775
:1044200004460D4617469AB3D0F8D0604FF0000A04
:1044300004F150094FF08008764206F07F0696425C
:1044400028BF164632463544BE1BFFF7D7FC26F080
:104450007F072F44AF4213D0D4F8D030802B07D140
:104460002046FFF7A5FC0021FDF7DEFFC4F8D0A031
:1044700029464846FFF7B2FC8035C4F8D080E9E70A
:1044800006F07F0239462046BDE8F047FFF7B6BC8C
:10449000BDE8F0878830FFF7C1BF00002DE9F84381
:1044A00004460D46D0F8D0607F2E06D83246002153
:1044B00020460136FEF794FBF6E72046A4F10807F4
:1044C000FFF776FC0121FDF7AFFFD4F8D4202E468C
:1044D00022F00708A84446450CD057F8081F30467C
:1044E000D7F80490FDF750FF301D08364946FDF718
:1044F0004BFFF0E722F00703D4F8D4209A4217D9F3
:1045000003F0070223F00700DE08D100204454F82E
:1045100036204768C1F12006A1F12000CA4007FA01
:1045200006F627FA00F032430243EA540133E3E788
:104530002046D821BDE8F843FFF78CBC8830FFF750
:10454000ADBF000010B5B6B004466846FFF718FFCF
:104550006846DDE93812FFF761FF21466846FFF73C
:104560009DFF36B010BD0000002307B5CDE9001255
:104570001A464021FFF7E6FF03B05DF804FB000098
:1045800003689B68184700002DE9F0410E46044679
:1045900015460139024606F13F0042F8043B11F886
:1045A000017F814202F8017BF9D16A1E04F16401A6
:1045B00005F11F0012F8017F824201F8017BF9D159
:1045C00020465B6898472368314620469B68202236
:1045D00098472368294620469B682022BDE8F04181
:1045E00018470000014BFFF7CFBF00BF70C00008A5
:1045F000FFF7C6BF2DE9F04F8046ADF56F7D05464C
:1046000058F8043B16A905F1240A05F16409DB6892
:1046100026AC984716A8FFF73FFE0822514604A88B
:10462000FDF7BAFE494630A8FEF74CFB3AA8FEF764
:10463000FDFA30A944A8FEF7FFFF864A44A92046A8
:10464000FEF73CFD44A93AAA0846FEF719FB2046AE
:104650002146FEF707FB44A92246FEF72FFD21461F
:104660002046FFF747FE28B94FF0FF300DF56F7D6C
:10467000BDE8F08F224644A92046FEF71FFD2046E4
:10468000FFF7CCFD95F88330B0EBD31F03D0214664
:104690002046FEF7DDFA44A830AA2146FEF70EFDBB
:1046A00004A8FFF7B1F90028DED121462046FEF725
:1046B000CFFA44A94EAF0846FEF7CAFA76AA2146B9
:1046C0003846FFF7B7FA21469EA8FFF7EBF99EAAF6
:1046D000394676A8FFF702FA76A9C6A8FFF7E2F9ED
:1046E00016A902A8FFF7FAFA03A85146FFF7F6FA4F
:1046F0009DF80B609DF80F3020469E4238BF1E4645
:10470000FFF7BEF93A4621462046FFF793FA16AB6B
:104710003246032102A8FFF7F3FA05465346052166
:1047200003A8FFF7EDFA002D834623DD6D10A022CC
:104730009EAB02FB053221462046FFF7CFF9BBF1C5
:10474000000F3ADD76AB44494FEA6B0B78220093B9
:10475000204602FB0B120CAB2146FFF717FA013E75
:10476000D0D226A94846FFF76BFD49464046FFF7E1
:1047700067FB7BE7E3D005EBD5756FF09F019EAB40
:1047800080A86D104D435919FEF758FA9EAB05F1FC
:10479000280176A81944FEF751FA9EAB05F15001A5
:1047A0008AA81944FEF74AFA9EAB05F1780194A84D
:1047B0001944FEF74DFA76AABDE7D0D00BEBDB73B8
:1047C000254A6FF0770530A95B100CA803FB05257F
:1047D0002246FEF747FA76A8FEF752FA0CA905F131
:1047E00028020846FEF76AFC76A92A460846FEF724
:1047F00065FC76AA0CA930A8FEF734FA2046FEF72D
:104800003FFA3AAA11461046FEF72CFA44A905F1E0
:1048100050020846FEF752FC44AA3AA90CA8FEF73B
:104820002FFA76A8FEF71EFA30AA214644A8FEF712
:1048300045FC76AA21462046FEF740FC30A90CAA8A
:104840000846FEF73BFC76AA0CA93AA8FEF736FC10
:1048500085E700BF14BB0008CCBB000801218842DB
:1048600038BF084605F0C2B908B105F0C3B97047B2
:1048700010B5084C01220849002001F0C1FE237840
:104880003BB1064803F04EFD044803F081FD0023D0
:10489000237010BDE833002084C00008C836002013
:1048A0002DE9F041234C244E236DBBB901224FF476
:1048B000004104F1500005F0FDFA236D1B686BB94F
:1048C00001224FF4805104F1500005F0F3FA236DFA
:1048D0001B681BB900203070BDE8F08133780BB144
:1048E000FFF7C6FF0324154F4FF00008114D134981
:1048F0002846C7F8048003F03DFD284603F076FB08
:1049000038B1013C284603F043FD14F0FF04E1D028
:10491000EDE70B4901220B4801F072FE014618B188
:10492000284603F0FFFCECE7074800F00FF80120F1
:10493000D1E700BFC8360020E83300203C22002029
:1049400084C00008EC33002088C000080FB40020A9
:1049500004B07047006870470346006859687047A4
:104960000B0A017043700B0C090E8370C170704705
:10497000110A027003714170110C120E8170C27025
:104980001A0A42711A0C1B0E8271C3717047000023
:10499000C36A0239023B8B4283BF4389006C01FB2F
:1049A0000300002070470000C2F307238A76CB760D
:1049B0000378032B01BF120C0A75120A4A7570475F
:1049C00000F10B010022D30143EA520310F8012B3E
:1049D00052FA83F38842DAB2F5D1104670470000EC
:1049E00010B5417804460020013102464901022AEF
:1049F00016BFA35C032203EBC03302F101021EBF0A
:104A00009BB203EB500398B29142F0D810BD000066
:104A100002684AB1134613F8011B1F290DD93A2920
:104A2000F9D1911C8B4202D04FF0FF3070471278C1
:104A3000302AF9D1036000207047014B1878704785
:104A40003836002038B50D46044618B90920002331
:104A50002B6038BD0368002BF8D01A78002AF5D0F7
:104A60008188DA889142F1D1587804F029FC10F05D
:104A70000100EBD12368EBE738B50D4640F2523127
:104A8000144602F0B9F9FF2807D9012C0BD9030A03
:104A9000022468702B70204638BD30B1002CFAD04B
:104AA00001242870F7E70024F5E70446F3E7000047
:104AB0002DE9F8430026D0F8008005460C468E7696
:104AC000836B002B4AD098F80030042B4BD133462F
:104AD0003546402720E0B7F5187F80F0C480F906FE
:104AE00006F1010608BF0237D05B02372BB900F58B
:104AF000205292B2B2F5006F0DD305F11A01C5F143
:104B0000FF0240EA03402144FFF7B6FF002800F00F
:104B1000AA80054400200346D8F8102092F82310FC
:104B2000B142D8D8002B40F09E80002D00F09B8031
:104B300000232544AB766373D8F81020137903F073
:104B40003701DB0621730BD402F13800FFF704FFB5
:104B5000C4E9000193896381D3892381BDE8F88387
:104B600000200146F4E7C36C01335ED1EA6B0023F9
:104B70002E26551E184615F8011F013020290CD08D
:104B8000052908BFE521092804D10B2B9EBFE71892
:104B900001337E73E718013379730B28EBD1E118E9
:104BA00000204873A17E00294BD1002B40D06FF02C
:104BB0000C0604F10D000825361B331810F8011BF4
:104BC000002938D02E298BB24AD0A3F141011929EE
:104BD00003D8117B0D4200D020330373EDE7B9F108
:104BE000000F05D100F520539BB2B3F5006F0BD336
:104BF00007F11A01C7F1FF0240EA09402144FFF71B
:104C00003BFF48B10744002002368146D8F80C30FB
:104C1000985B0028E3D13846B9F1000F4FF000024D
:104C200018BF002023189A76A0E7B1463746EDE773
:104C30003F23A3760123234400219976137B03B9F4
:104C40006373D37A02F11C0003F03F032373002344
:104C5000FFF780FE20606360D38A6381138B7CE75B
:104C600010250B46B9E73F230125A37660E7000036
:104C700038B50546002435F8020B08B9204638BD82
:104C800002F0EEF86308C2B203EBC43312FA83F306
:104C90009AB2C0F3072303EB520303EBC2339CB277
:104CA000E9E7000037B5C37804461BB9002528465C
:104CB00003B030BD00F14C01826C012340780191BA
:104CC00004F024FB054680B9A36BE070A06C226B56
:104CD000C31A9342EAD2A3780199022BE6D1024487
:104CE0000123607804F012FBE1E70125DFE7000013
:104CF00038B5836C05460C468B4210D0FFF7D2FFC7
:104D000060B92246012305F14C01687804F0DAFA13
:104D100000281CBF4FF0FF340120AC6438BD0020D8
:104D2000FCE7000038B500230446C3704FF0FF33A2
:104D30008364FFF7DDFF00284BD1B4F84A524AF6EE
:104D400055239D4207D10B22254904F14C0006F062
:104D5000D3FD00283FD094F84C30EB2B03D0183310
:104D6000DBB2012B2ED84AF655239D4206D10822EC
:104D70001C4904F19E0006F0BFFD48B3B4F857305B
:104D8000B3F5007F1ED194F85930DBB15A1E1A4298
:104D900018D1B4F85A30ABB194F85C30013B012B18
:104DA00010D8B4F85D306BB1B4F85F307F2B06D803
:104DB00004F16C00FFF7CEFDB0F5803F02D3B4F8EC
:104DC000623053B94AF6552085420CBF02200320B9
:104DD00038BD0420FCE70120FAE70020F8E700BF17
:104DE000B4C00008C0C0000802392DE9F04701F046
:104DF00007044FF0010A466C05460AFA04F4174608
:104E0000984606EB1136C1F3C809E4B2314628468C
:104E10000136FFF76DFF18B10120BDE8F087994614
:104E200005EB090292F84C30234214BF0121002106
:104E3000414513D06340013F82F84C3085F803A010
:104E4000EBD0640014F0FF04EAD109F1010301245E
:104E50004FF00009B3F5007FE1D1D7E70220DCE78E
:104E600001290246F8B50C4640F28C800668F36AC8
:104E70008B4240F287803378013B032B00F2828023
:104E8000DFE803F00229384B04EB5405B16B3046E0
:104E900001EB5521FFF72CFF10B14FF0FF30F8BDAB
:104EA0006F1CC5F30805B16B3046354401EB572143
:104EB00095F84C50FFF71CFF0028EED1C7F3080708
:104EC000E3073E4496F84C0045EA00204CBF000939
:104ED000C0F30B00E3E7B16B304601EB1421FFF7A1
:104EE00007FF0028D9D1640004F4FF742644B6F803
:104EF0004C00D4E7B16B304601EBD411FFF7F8FE5C
:104F00000028CAD1A40006F14C0004F4FE74204429
:104F1000FFF720FD20F07040C1E7D0E90430D579DB
:104F200053EA000101D0916801B95DBB9168022D7F
:104F3000A4EB01010DD1013B728940F1FF305B0A06
:104F400043EAC053B3FBF2F399421BD81CD0601C58
:104F5000A5E7032D02D193698B42F8D8D3699BB999
:104F6000B16B304601EBD411FFF7C2FE002894D19B
:104F7000A0004C3600F4FE703044FFF7EBFC20F04C
:104F800000408CE701208AE76FF0004087E70000CF
:104F9000F8B5066804460D463378042B0CBF4FF075
:104FA00080524FF400128A4201D80220F8BDCA068E
:104FB000FBD182680163D2B9022B13D83389B3EBDA
:104FC000551FF2D9F36BA363A36B6263002BECD084
:104FD00003EB55234C36C5F308050020A363354485
:104FE000E563E3E7F36BC271002BE7D01A467789DC
:104FF0007F02BD42114604D23046FFF7C9FCA063D0
:10500000E2E72046FFF72CFF431C024606D00128AA
:10501000CBD9F36A8342C8D9ED1BEAE70120C5E783
:1050200001292DE9F04706460C46174608D9C36A00
:105030008B4205D90378022B62D003D8012B22D0F2
:10504000022552E0033B012BFAD8816B01EBD4110E
:10505000FFF74EFE0546002847D1A40006F14C0399
:1050600004F4FE741C443378042B07D0204627F048
:105070007047FFF76FFC00F0704007433946204649
:10508000FFF76EFC2FE001EB5108816B01EB58211B
:10509000FFF72EFE054640BB14F0010406F14C0953
:1050A00008F1010AC8F3080808BFFBB230461FBF69
:1050B00019F8083003F00F023B0103F0F00318BFAA
:1050C000134309F808300123B16BF37001EB5A2147
:1050D000FFF70EFE054640B9CAF3080A44B1C7F30C
:1050E000071709F80A700123F3702846BDE8F08716
:1050F00019F80A30C7F3032723F00F031F43F0E723
:10510000816B01EB1421FFF7F3FD05460028ECD17C
:10511000640006F14C0304F4FF741F551919C7F31A
:1051200007274F70DFE70000F8B504460E46174624
:10513000E3690BB91846F8BD012BA6EB03052068FF
:1051400014BFAA1C3A46691CFFF76AFF0028F2D177
:10515000E369013BE361EBE701292DE9F8430646EA
:105160000C461746056802D80220BDE8F883EB6AB2
:105170008B42F9D97AB9A14621463046A046FFF7BD
:105180006FFE0446B0B92B78042B02D1002F43D117
:10519000F7710020E9E72B78042B02D1C379022BA9
:1051A000E9D04FF0FF3239462846FFF739FF002893
:1051B000E1D0DAE70128D7D0421C01D10120D4E7A1
:1051C0002B78042B19D1EA6AAB69023A93421CD3BB
:1051D00008F10102A2420CD02B78042B08D1002345
:1051E000A2EB090249462846FFF7FEFD0028BCD184
:1051F000A146EB6AA342BFD8C5E700224146284634
:10520000FFF70EFF0028DED0AFE70133AB612B794B
:1052100043F001032B71DBE7F3798BB9B468BC422F
:1052200002D10223F371B4E721463046FFF718FE9E
:10523000012899D9431CC1D001348442EFD0A8E79A
:10524000032BA6D1B368BB42A3D8B2691344BB42B7
:105250009FD3E6E770B5C3790446032B06D1816876
:105260008369CD18A94203D10023E371002070BDEA
:105270004E1C20683246FFF7D3FE0028F7D1314696
:10528000F0E700002DE9F74305460191FFF70AFD1D
:105290000446002849D105F14C09019928464FF4EC
:1052A0000072FFF775FB2146A86407464846FCF7E5
:1052B00003FE6C896402B4F5004F28BF4FF400442C
:1052C000B4F5007F2FD9204604F098FC804630B119
:1052D00022460021640A0026FCF7EEFD09E064087E
:1052E000EEE72346BA194146687804F00FF818B97A
:1052F00026446B899E42F4D3404604F08FFC6889B3
:10530000801B18BF012003B0BDE8F08301366B8914
:105310009E42F4D20123BA194946687803F0F6FF99
:105320000028F3D0EBE70026F1E70120EBE70000CF
:10533000F8B50446FFF7B6FC0546002842D12378AD
:10534000032B37D12779012F34D104F14C060146C4
:105350004FF400723046FCF7AFFD55234122722115
:1053600084F84A32AA2304F50D7084F84F2084F89B
:105370004B32522384F8301284F84C3084F84D308C
:10538000612384F8311284F84E3084F83332A169F5
:1053900084F83222FFF7E4FA616904F50E70FFF732
:1053A000DFFA626B3B46314601326078A26403F05B
:1053B000ADFF257100226078114603F0CBFF003865
:1053C00018BF0120F8BD000000232DE9F0430B6059
:1053D00085B00F461546FFF71BFB061EC0F2B281D3
:1053E000804B53F82640002C00F0AE813C6005F065
:1053F000FE0523786BB1607803F062FFC70708D41D
:105400001DB110F0040500D00A25284605B0BDE8FE
:10541000F0830023F0B22370607003F03DFFC107FA
:1054200000F194810DB14207EED400212046FFF730
:1054300079FC022840F099806E4604F2122304F2AF
:105440005221324618461033FFF784FA42F8040B13
:105450008B42F7D1002556F8041B00297DD0204649
:10546000FFF760FC012879D80128A26C40F0C080C9
:1054700004F1570304F18C0113F8015B002D7BD17B
:105480008B42F9D1B4F8B430B3F5807F74D194F87D
:10549000B830092B70D104F19400FFF75DFA4FF09A
:1054A000FF33171841F10001BB4275EB010363D3D1
:1054B00004F1A000FFF74EFA94F8BA302063012BF4
:1054C000A37059D194F8B99003FA09F91FFA89F336
:1054D0006381002B50D0444B04F1A800FFF73AFA47
:1054E0000646984248D8831C626304F1A400E36234
:1054F000FFF730FA00EB020804F19C00C4F840808A
:10550000FFF728FA10441FFA89F2A06306FB02F3A2
:1055100013EB080345EB05029F4271EB02032BD30B
:105520002E4604F1AC00FFF715FAE06365B9638914
:10553000B34221D9E16B2046FFF72AFA81192046B0
:10554000FFF7D6FB98B90136631993F84C30812BDD
:1055500014D02035C5F30805E8E703200135042DF4
:105560007FF479AF042807D101E0042801D1012597
:105570004BE701287FF678AF0D2546E705F11400CB
:1055800004F14C063044FFF7E5F901280546F3D94C
:10559000E36A8342F0D96189821E236C02FB0133E6
:1055A0006364A16B204601EBD511FFF7A1FB002836
:1055B000DDD105F07F0006EB8000FFF7CBF9431C3F
:1055C00003D00135A842ECD0D6E70425C4E9050094
:1055D000064A257000251388E56101339BB21380CC
:1055E000E38012E73C360020FDFFFF7F40360020BD
:1055F000B4F85730B3F5007FBED1B4F8626026B975
:1056000004F17000FFF7A6F9064694F85C302663B3
:10561000591EA3700129AFD894F859506581002D07
:10562000AAD0691E2942A7D1B4F85D8018F00F0FE7
:10563000A4F80880A0D1B4F85F0018B904F16C0098
:10564000FFF788F9B4F85A10002995D006FB03FE3D
:1056500001EB181CF44460458ED3A0EB0C00A8426B
:10566000B0FBF5F388D33E48834285D84FF6F570FA
:1056700083426DD903259F1C114402EB0C03032DBB
:10568000E7626263A16323644CD1B4F8763053EAD5
:1056900008037FF471AFBB0004F17800FFF75AF9FB
:1056A000E06303F2FF13B6EB532FFFF465AF4FF047
:1056B000FF33032DC4E905334FF08003237187D1F5
:1056C000B4F87C30012B83D1511C2046FFF710FB2E
:1056D00000287FF47DAFB4F84A224AF655232071A2
:1056E0009A427FF475AF1F4B04F14C00FFF732F97B
:1056F00098427FF46DAF03F1FF5304F50C70FFF790
:1057000029F903F50053203398427FF461AF04F583
:105710000D70FFF71FF9A06104F50E70FFF71AF97D
:10572000606155E7B8F1000F3FF426AF7144022DD8
:105730004FEA4703E1631EBFD91907F0010303EBEA
:105740005103AEE70B2560E60C255EE603255CE61B
:1057500040F6F575AB428CBF022501258BE700BFF3
:10576000F5FFFF0F525261412DE9F84F07460568DA
:10577000884649B96E69C6B1EB6AB34298BF012643
:10578000AB69A3B9002405E0FFF76AFB01280446D2
:1057900003D801242046BDE8F88F421C00F0D280D7
:1057A000EB6A8342F6D84646EAE70126E8E72A781C
:1057B000EB6A042A40F08380A6F1020A023B4FF014
:1057C000010B9A4528BF4FF0000AD146696C284664
:1057D00001EB1931FFF78CFA00283BD109F00703E0
:1057E000EA6AC9F3C8010BFA03F3901EDBB26A1828
:1057F0004C4609F1010992F84C20814502EA030266
:1058000033BF5B0000234FF40071DBB228BF994621
:10581000B2B90234631E0333BCD8012321462846A3
:105820001A46FFF7E1FA0228B3D0012800F08A8077
:10583000B8F1000F13D10223FB710028A9D130E089
:10584000CA450AD0002BD2D10131B1F5007FBDD2BB
:105850000123CCE74FF0FF34DCE70024DAE7FB79E3
:10586000022B07D1731CA342E7D0BB68F31ABB61BC
:105870000323FB7108F10102FB69A24205D113B1B8
:105880000133FB61D9E70223FBE70BB90123FB617D
:10589000224641463846FFF747FC00284FD10123F6
:1058A000FB61EA6AAB69023A6C6193429CBF03F107
:1058B000FF33AB612B7943F001032B716AE7464557
:1058C00014D1741C3846A34298BF02242146FFF726
:1058D000C7FA01283FF45DAF431C33D0E0B16B69D8
:1058E000012B03D9EA6A934238BF1E46344601347D
:1058F000EB6AA34203D8012E7FF644AF022421466F
:105900003846FFF7ADFA48B101283FF442AF013005
:1059100018D0B442EBD135E7002CE7D04FF0FF327E
:1059200021462846FFF77CFB48B9B8F1000FB8D0F4
:10593000224641462846FFF773FB0028B1D00128D4
:105940007FF427AF4FF0FF3424E700002DE9F84340
:1059500006680446076B894633782037042B0CBF52
:105960004FF080534FF40013BB429CBF002383636E
:10597000836B73B1C7F30808B8F1000F3CD1013352
:10598000416B836339B93389B3EB571F34D8002394
:10599000A36304200AE07389013B13EA57232BD148
:1059A000FFF75EFA0128054602D80220BDE8F88319
:1059B000421C01D10120F9E7F36A834216D8B9F1FC
:1059C000000FE4D0616B2046FFF7CEFE0546C8B15C
:1059D0000128EAD0431CEDD001463046FFF752FCC7
:1059E0000028E7D1E37943F00403E3712946304608
:1059F0006563FEF7CDFFA0634C3600202763464465
:105A0000E663D3E70720D1E7F8B50E460021044648
:105A10000768FFF7BDFA98B90546A16B3846FFF74E
:105A200067F968B93A78E36B042A1B780CD11B0636
:105A30000ED5054601212046FFF788FF0028ECD04F
:105A4000042808BF072006E0E52B01D0002BF0D189
:105A50000135B542EED1F8BDC16C4B1C2DE9F041CA
:105A600004460568066B1FD1E5274FF00108A16BBE
:105A70002846FFF73DF998B92A78E36B042A09BF55
:105A80001A781F7002F07F021A7085F80380236B6A
:105A9000B3420DD200212046FFF758FF0028E6D080
:105AA000042808BF022003E0FFF772FA0028DBD0C9
:105AB000BDE8F0812DE9F04105460068A96B066953
:105AC000FFF716F9044620B9EB6B1A78852A03D044
:105AD00002242046BDE8F081324603F1200153F84C
:105AE000040B8B4242F8040BF9D1777801377F0120
:105AF000A7F16003B3F5007FEAD800212846FFF73D
:105B000025FF04280446E3D00028E2D1A96B2868C9
:105B1000FFF7EEF804460028DBD1EB6B1A78C02AB9
:105B2000D6D106F1200203F1200153F8040B8B4279
:105B300042F8040BF9D196F823300F222C33B3FB33
:105B4000F2F3B7EB431FC3D34FF0400800212846C0
:105B5000FFF7FCFE04280446BAD00028B9D1A96B8F
:105B60002868FFF7C5F804460028B2D1EB6B1A7815
:105B7000C12AADD1B8F5187F09D206EB080203F1AE
:105B8000200153F8040B8B4242F8040BF9D108F1C1
:105B900020084745DAD8B8F5187F9AD83046FEF77E
:105BA0001FFF7388834294D092E700000B680022A5
:105BB00010B5036004460B6A83604B6AC261C3710F
:105BC00023F0FF03896AC0E90432C164FFF7E0F9FA
:105BD00020B92046BDE81040FFF76CBF10BD0000A3
:105BE000F8B50368054601271C692046FEF7F8FE54
:105BF000A070000A6678E0702846E96CFFF7C8F9E3
:105C000020B1022828BF0220C0B2F8BDA96B2868C5
:105C1000FFF76EF80028F4D1EB6B04F1200254F882
:105C2000041B944243F8041BF9D12B68DF70002E4B
:105C3000E7D000212846013EFFF788FEE0E700009C
:105C40002DE9F8434FF0FF0806460768042445464F
:105C50004FF6FF79B16B11B9002C73D063E0384671
:105C6000FFF746F8044600285DD1F06B0378002B5F
:105C70006ED03A78042A11D1852B4DD1336B304642
:105C8000F364FFF717FF044600284CD13B691B79EA
:105C900003F03F03B3712046BDE8F883C27AE52BD9
:105CA00002F03F02B27143D02E2B41D022F02001EE
:105CB00008293DD00F2A40D1590637D503F0BF053A
:105CC000336B90F80D80F364437B434530D1428BB6
:105CD00072BB03780D21FC6823F04003DFF874E009
:105CE000013B4B4301211EF801CB30F80CC009B336
:105CF000FF2B1DD824F813C06146013301320D2A51
:105D0000F1D10278520605D521B1FF2B10D800221F
:105D100024F81320013DEDB200213046FFF716FEB6
:105D20000446002896D00023B363B4E7AB42CBD03F
:105D3000FF25F1E7CC45E1D0FAE72DB9FEF740FEAB
:105D4000404501D10024A6E74FF0FF33F364A2E7FA
:105D50000424E8E75CC100082DE9F04F002187B07A
:105D60000446D0F80090FFF713F9804670B999F80F
:105D70000030042B33D1D9F80C00FEF779FF074629
:105D80002046FFF75DFF054620B18046404607B03C
:105D9000BDE8F08FD9F810309A8CBA42F0D193F860
:105DA00023B040265D4506D1D9F80C3033F81530C4
:105DB000002BE5D1EAE7F106D9F8103008BF02362A
:105DC000985B01F04DF8D9F80C30824633F8150095
:105DD00001F046F88245D3D102360135E2E74FF0B3
:105DE000FF0A4FF0FF3B5546C4F84CB0A16B484644
:105DF000FEF77EFF00285CD1E66B3778002F77D066
:105E0000F27AE52F02F03F03A37103D0120704D505
:105E10000F2B04D0C4F84CB04FE00F2B54D194F8A2
:105E20004B3058063FD4790645D5236B07F0BF07A2
:105E300096F80DA0E364737B53453ED1738B002B22
:105E40003BD135780121D9F80C3005F03F0501939D
:105E50000D23013D5D43284B13F8012BB25A71B35A
:105E6000FF2D059329D81046049200F0F9FF6B1C12
:105E700003900293019B33F8150000F0F1FF0399A2
:105E800081421AD1049A029D1146059B1B4A9342F6
:105E9000E2D133785A0604D519B1019B33F8153095
:105EA0005BB97D1EEDB200212046FFF74FFD0028B3
:105EB0009CD080466AE7BD42BDD0FF25F3E74FF690
:105EC000FF708242E2D0F8E72DB93046FEF778FD48
:105ED00050453FF45BAF94F84B30DB079AD40B226C
:105EE00004F14001304605F007FD002892D14DE74E
:105EF0004FF004084AE700BF5CC1000869C1000810
:105F00002DE9F04F90F84BB099B004461BF0A00576
:105F100040F068810668F26832F81530002B4AD1EB
:105F20003378042B40F087800F230E352046B5FBD5
:105F3000F3F5A91CFFF768FD8146002877D1236B94
:105F40000135A3EB4515E3795A07E56435D523F010
:105F500004032046E371FFF77DF950BB4FF0FF3299
:105F6000616B2046FFF7E0F818BBA3682BB321460E
:105F700004A8FFF71BFEE0B970894FF40071D4E963
:105F80000423E0FB01233069C4E904233830FEF721
:105F9000EFFC3069D4E904232830FEF7E9FCE3790B
:105FA000326904A843F0010382F82130FFF718FE9C
:105FB00018B181463BE00135AEE7D6E903544022F3
:105FC00000212046FBF778FF852301214022237022
:105FD000C0234FF0C10C04EB010884F820300023EB
:105FE0001E469E46571C04F802C0F0B2023204F866
:105FF00007E021B135F8131009B10133DBB20F0A04
:10600000A15408F802700232D706F2D135F81370A5
:106010000136002FE6D184F82330831C28466370B4
:10602000FEF726FE84F82400000A84F8250048467E
:1060300019B0BDE8F08F04F140070DF1100A1BF014
:10604000010F97E807008AE8070000F0D38040239B
:106050004FF0010884F84B30BC46F368B8F1050FE7
:106060009AE80700ACE803002CF8022B4FEA124232
:106070008CF8002059D9981E424630F8021F00299A
:1060800042D10DF10F0C072102F00F0E91461209BB
:106090000EF13000392888BF0EF1370001390CF8B5
:1060A000010902D0B9F10F0FEED818AB7E205A18B3
:1060B00002F8580C38460022914206D010F801CB65
:1060C00002F1010EBCF1200F31D104F13F0C072980
:1060D00002F1010297BF18AB20205818013198BF78
:1060E00010F8580C072A0CF80200F0D92046FFF7E8
:1060F00033FE8146002878D108F10108B8F1640F19
:10610000AAD14FF0070992E74FF0100C01F0010EF1
:1061100049080EEB4202D30344BF82F4883282F076
:106120002102BCF1010CF1D1A7E74246A9E7724672
:10613000C2E7216B2046A1EB4511FEF729FF8146FE
:1061400000287FF474AF4FF6FF783846FEF738FC2E
:106150000190A16B3046FEF7CBFD814600287FF40D
:1061600066AFE36BE9B2019A4FF00D0CD6F80CE084
:106170005A734FF00F02DFF8E0A0DA724A1E18736C
:106180000CFB02F284469876D87640451AF8019BBB
:106190000CF1010C18BF3EF8120003EB090B18BFFD
:1061A000013203F809004FEA1029002808BF4046D1
:1061B000BCF10D0F8BF80190E7D1404502D03EF8BD
:1061C00012200AB941F04001197001230021204634
:1061D000F370FFF7BBFB814600287FF428AF013D39
:1061E000B7D11BE04FF0060921E704287FF41FAF69
:1061F00084F84BB01BF0020F20461BBF0C350D215D
:106200000125B5FBF1F518BF01352946FFF7FCFB69
:10621000814600287FF40BAF013D8AD1A16B304647
:10622000FEF766FD814600287FF401AF014620227B
:10623000E06BFBF741FEE36B03CF18605960BA785F
:1062400039889A72198194F84B30E26B03F0180385
:1062500013730123F370EAE65CC1000810B504462D
:106260000A463430FEF776FB886004F13800FEF70A
:1062700073FBC2E9040194F8213003F00203D371E7
:106280000023D36110BD000003284B8B04BF8A8A12
:1062900043EA0243184670472DE9F04F0B7899B056
:1062A000044689462F2BD0F800B001D05C2B09D1D1
:1062B0004A461378914601322F2BFAD05C2BF8D046
:1062C000002301E0DBF81C30A3600023E3619BF8AE
:1062D0000030042B1ED1A368E3B1DBF82030214647
:1062E00004A82362DBF824306362DBF82830A36261
:1062F000FFF75CFC0346002854D1DBF8102002F1C4
:106300003800FEF727FBC4E9040392F8213003F0BC
:106310000203E37199F800301F2B00F235818023CE
:106320000021204684F84B3019B0BDE8F04FFEF74D
:106330002FBE49460B78894601312F2BFAD05C2BB2
:10634000F8D01F2B8CBF00250425012F2FD11388D7
:106350002E2B31D1002322F8173004F140029F4246
:106360008CBF2E21202101330B2B02F8011BF6D10B
:1063700045F02005204684F84B50FFF7EDFC94F8DB
:106380004B30002800F0E78004280BD1990603F079
:10639000040240F1DC80002A00F0F6808023002017
:1063A00084F84B3019B0BDE8F08F0425CDE7022FFB
:1063B00002D153882E2BCAD0911E87BB002322F80E
:1063C0001730002F00F0118132F813001946013305
:1063D0002028F9D009B92E2801D145F00305901ED7
:1063E00030F817302E2B01D0013FF9D14FF0203378
:1063F0004FF0000A6364D0462364C4F84730082392
:10640000481C32F811600090F6B1202E03D02E2ED9
:106410000DD1B84210D045F003050099F0E731F8EE
:106420001730202B01D02E2BC8D1013FC5E79A454C
:1064300005D20099B9423BD10B2B30D101E00B2B97
:1064400027D145F003050B2394F84020E52A04BF2B
:10645000052284F84020082B04BF4FEA88085FFA21
:1064600088F808F00C030C2B03D008F00303032B6F
:1064700001D145F00205A8073FF57CAF18F0010FE8
:1064800018BF45F0100518F0040F18BF45F00805B7
:1064900070E70099B94202D045F00305D4D84FEA1D
:1064A00088080B234FF0080A00975FFA88F8B4E7D2
:1064B0007F2E15D9304640F25231CDE9022345F006
:1064C0000203019300F098FC10F0800F0646DDE90E
:1064D000022316D000F07F0646498E5D019D46B32B
:1064E00031464548CDE9012305F052FADDE90123A3
:1064F000F8B9A6F1410189B219291ED848F002085D
:1065000010E0FF28EAD9591E8A4503D345F0030558
:106510009A4682E704EB0A01000A0AF1010A019D8A
:1065200081F8400004EB0A010AF1010A81F8406099
:1065300073E745F003055F26F4E7A6F1610189B230
:1065400019299EBF203E48F00108B6B2EAE7002AAA
:1065500008BF052026E75A073FF524AFA379DB06DD
:1065600045D59BF80000042835D1A3682146E2797F
:1065700023622369DBF8100023F0FF0313436362F7
:10658000E36CA362FFF76AFE23680027DA6819F854
:10659000010B00283FF409AF40F25231009200F0A5
:1065A0004BFC054608B31F28009A7FF6FEAE2F2845
:1065B0003FF4BFAE5C283FF4BCAE7F2805D801464F
:1065C0000E4805F0E5F9009A78B9FF2F0DD022F8B2
:1065D00017500137DBE7216B0BF14C03C1F30801C6
:1065E0001944FFF751FEA060CEE70620DAE6052049
:1065F000D8E600BFDCC00008D5C00008CCC0000849
:106600001FB5CDE9001003A814460391FEF700FA68
:10661000002815DB0B4A52F820300BB1002119700D
:10662000019B0BB10021197042F820302CB10022DF
:1066300001A96846FEF7C8FE0446204604B010BD16
:106640000B24FAE73C3600202DE9F04798B090463D
:1066500005460191002800F0528102F03F0603A98F
:1066600001A83246FEF7B0FE002840F04681039BA9
:106670004FF48C60049303F0C1FA0746002800F041
:106680004081039B00F500720199D86004A81A614B
:10669000FFF702FE044620B99DF95B30002BB8BF1E
:1066A000062418F01C0F00F0CD80002C4CD0042CD8
:1066B00040D104A8FFF724FC044600283AD146F054
:1066C0000806039B1A78042A40F08380186929463B
:1066D0002B60FFF7C3FD039B1E22002118690230C7
:1066E000FBF7EAFB039C00211A2220692630FBF706
:1066F000E3FB236920221A71246903F0B9FA0146E9
:10670000012208342046FEF72BF9039B04A81B69DD
:1067100083F82120FFF764FA044658B9A96801B349
:1067200002462846FEF718FDAB68039A0446013B73
:106730005361B4B1384603F071FA0CB100232B60F9
:10674000204618B0BDE8F0879DF8163013F0110F01
:1067500040F0848018F0040F40F0C98018F0080F52
:10676000AFD1039A31071399936C48BF46F04006A6
:10677000E964AB641078042872D1069B9DF8171069
:106780002B62089B106923F0FF030B4329466B62C1
:10679000179BAB62FFF762FDDDF80CA0002400221E
:1067A00005F15008BAF8063021464046C5F800A069
:1067B000AB80002385F8306085F831406C64C5E912
:1067C0000E234FF40072FBF777FBB20653D400247C
:1067D000B0E703F04DFA0146009013980E30FEF733
:1067E000BFF8139800991630FEF7BAF8039C139976
:1067F0002078FFF749FD202300228046CB722046F7
:106800001399FEF7D1F8139B002201211A775A77CA
:106810009A77DA77039BD970B8F1000FA1D041467F
:1068200004A8D3F84890FEF797FC0446002881D1CD
:1068300049460398FEF75CFA039B044608F1FF30D3
:10684000586176E7002C7FF475AF9DF81630DC06B2
:106850004FD418F0020F84D0D80782D5072469E7F7
:10686000FFF712FD0023A86001F11C00FEF772F88B
:106870006B61286190E7D5E9046956EA0903A6D05F
:10688000BAF80AA0A9684FEA4A2AC5E90E69B245D2
:1068900074EB09031BD300242964002C7FF44AAF56
:1068A000C6F30803002B92D0039C2046FEF770F835
:1068B00008B3760A0123414646EAC95682196A643A
:1068C000607802F0FFFC041E18BF012432E728465E
:1068D000FEF7C6FAB6EB0A06014669F1000901287F
:1068E00003D9431CD3D10124D6E70224D4E70824DA
:1068F00020E704241EE702241CE704461EE70924BF
:106900001EE711241CE700002DE9F04F994685B0E1
:106910000023884603A90446C9F800301646FEF74E
:1069200091F8054680BB94F831506DBB94F8303037
:1069300013F00103009300F0A68004F1500AD4E99B
:106940000432D4E90E011B1A62EB0102B34272F168
:10695000000238BF1E46BEB1D4E90E10C1F30803D1
:10696000002B40F08280039B5A894B0A013A43EA8C
:10697000C0531A401BD151EA000309D1A068012875
:106980000DD8022584F83150284605B0BDE8F08FB7
:10699000216C20460192FEF763FA019AEFE7431C4F
:1069A00004D10123009D84F83130EDE72064DDF847
:1069B0000CB0216C5846FDF7EBFF0028E1D0B6F58E
:1069C000007F02EB000731D3BBF80A1002EB562020
:1069D000730A88429BF8010088BF8B1A3A464146E9
:1069E000019302F06FFC0028DBD194F93020019B69
:1069F000002A0BDA606CC01B984207D24FF4007279
:106A0000514608EB4020FBF731FA019B5F02D9F8B1
:106A10000030F61BB8443B44C9F80030D4E90E32CC
:106A2000DB1942F10002C4E90E3294E7626CBA420B
:106A30001AD094F93030002B0DDA012351469BF81F
:106A4000010002F063FC0028ABD194F8303003F071
:106A50007F0384F83030039801233A46514640784A
:106A600002F030FC00289CD16764A16B4046C1F362
:106A70000801C1F500775144B74228BF37463A466E
:106A8000FBF7F4F9C3E707257EE7000070B596B081
:106A90000E460022019002A901A8FEF795FC0446CB
:106AA000E0B94FF48C6003F0A9F80546D8B1029B19
:106AB00000F500720199D86002A81A61FFF7ECFB9B
:106AC000044640B99DF95330002B0ADB1EB1314614
:106AD00002A8FDF7EDFF284603F0A0F8204616B007
:106AE00070BD0624F7E71124F8E7000070B5B8B0D0
:106AF0000222019003A901A8FEF766FC044608BB28
:106B0000039B4FF48C60109303F078F8054600283F
:106B100066D0039B00F500720199D86010A81A6135
:106B2000FFF7BAFB044650B99DF88B30980655D450
:106B3000190653D49DF84630DA0706D507242846AF
:106B400003F06CF8204638B070BD039B04931878AE
:106B5000042814D104A91869FFF780FB069E9DF84C
:106B60004630DB0610D410A8FEF776FF0446002856
:106B7000E5D156BB0398FEF7DBFB0446DFE71F9920
:106B8000FFF782FB0646EAE7039BDA69B242D5D0FB
:106B900024930021269624A81B78042B01BFDDE94D
:106BA0000823CDE928239DF817308DF89730FEF79C
:106BB000EFF904460028C2D124A8FFF741F80446A3
:106BC0000028BBD00428BAD1CDE70246314604A83C
:106BD000FEF7C2FA04460028B1D1CBE70624AEE79F
:106BE0001124AFE7F0B5BDB0CDE900106846FDF760
:106BF0000FFF022203A901A8FEF7E6FB04460028C6
:106C000041D1039B4FF48C60149302F0F7FF0546CB
:106C1000002800F0EE80039B00F5007214AE01998D
:106C2000D8601A613046FFF737FB044640BB9DF839
:106C30009B3013F0A00F40F0D880039B009F1A7880
:106C4000042A68D11B6904AC03F1400C18680833AE
:106C500053F8041C2246634503C21446F6D1502261
:106C6000314628A8FBF702F9394628A8FFF714FB9C
:106C7000044600284CD12A9A169B9A4206D0082432
:106C8000284602F0CBFF20463DB0F0BD349A209B51
:106C90009A42F4D128A8FFF733F904460028EFD12F
:106CA000039B04AF1B6993F801E093F823C09C8C0D
:106CB0003A46083303CAB24243F8080C43F8041CAE
:106CC0001746F5D1039B28A81B6983F801E0039BB5
:106CD0001A6982F823C01A6982F82440240A82F8CB
:106CE00025401A691379D9065CBF43F0200313715C
:106CF000FEF776FF04460028C2D13046FEF7ACFE10
:106D000004460028BCD10398FEF712FB0446B7E7FF
:106D10000428B5D1BEE7239A04AB02F1200C106819
:106D2000083252F8041C1C46624503C42346F6D1BF
:106D30005022314628A8FBF799F8394628A8FFF7D2
:106D4000ABFA044600284CD12A9A169B9A4296D157
:106D5000349A209B9A4292D128A8FFF7D1F8044692
:106D600000288DD137990DF11D030DF12D0001F192
:106D70000D0253F8044B834242F8044BF9D11888B2
:106D8000012710809B7893709DF81B30039CDA06D6
:106D900058BF43F02003CB72E770CB7ADB06ACD54B
:106DA000169A2A9B9A42A8D02078FFF76DFA0146DE
:106DB0002046FDF7EDFD0146C8B12046FDF798FFDE
:106DC000044600287FF45CAF039890F86D302E2BBA
:106DD00093D12A9A00F16C01FDF7E6FD039BDF7069
:106DE0008BE704287FF44CAFB6E7062448E702247B
:106DF00046E7112447E700007F2810B501D880B28C
:106E000010BDB0F5803F13D240F2523399420FD1FA
:106E10000849002231F8024B93B2844203D103F1B6
:106E20008000C0B2ECE70132802AF3D11346F6E7C6
:106E30000020E5E71CC400087F280DD940F252333A
:106E4000994208D1FF2806D800F10040034B803852
:106E500033F8100070470020704700BF1CC40008C2
:106E6000B0F5803FF0B522D21F4A83B21F49B0F57A
:106E7000805F28BF0A46141D34F8042C2146AAB1AD
:106E8000934213D334F8025C2E0AEFB252FA85F51E
:106E9000A84222DA082E09D8DFE806F0050A101207
:106EA0001416181A1C00801A34F810301846F0BD59
:106EB000981A00F001001B1A9BB2F7E7103BFBE7A2
:106EC000203BF9E7303BF7E71A3BF5E70833F3E7F8
:106ED000503BF1E7A3F5E353EEE70434002ECBD1AA
:106EE00001EB4702C7E700BF6CC1000860C30008A0
:106EF00008B5074B074A196801F03D0199605368CE
:106F00000BB190689847BDE8084003F0D1B800BFC6
:106F1000000002404436002008B5084B1968890972
:106F200001F03D018A019A60054AD3680BB11069EE
:106F30009847BDE8084003F0BBB800BF000002401E
:106F40004436002008B5084B1968090C01F03D01D2
:106F50000A049A60054A53690BB190699847BDE8E5
:106F6000084003F0A5B800BF0000024044360020EE
:106F700008B5084B1968890D01F03D018A059A6032
:106F8000054AD3690BB1106A9847BDE8084003F081
:106F90008FB800BF000002404436002008B5074B00
:106FA000074A596801F03D01D960536A0BB1906AF4
:106FB0009847BDE8084003F07BB800BF00000240DE
:106FC0004436002008B5084B5968890901F03D0195
:106FD0008A01DA60054AD36A0BB1106B9847BDE8A5
:106FE000084003F065B800BF0000024044360020AE
:106FF00008B5084B5968090C01F03D010A04DA6034
:10700000054A536B0BB1906B9847BDE8084003F0FD
:107010004FB800BF000002404436002008B5084BBE
:107020005968890D01F03D018A05DA60054AD36B84
:107030000BB1106C9847BDE8084003F039B800BFA9
:10704000000002404436002008B5074B074A196883
:1070500001F03D019960536C0BB1906C9847BDE80D
:10706000084003F025B800BF000402404436002069
:1070700008B5084B1968890901F03D018A019A6039
:10708000054AD36C0BB1106D9847BDE8084003F07A
:107090000FB800BF000402404436002008B5084B7A
:1070A0001968090C01F03D010A049A60054A536D04
:1070B0000BB1906D9847BDE8084002F0F9BF00BFE2
:1070C000000402404436002008B5084B1968890DB9
:1070D00001F03D018A059A60054AD36D0BB1106E2F
:1070E0009847BDE8084002F0E3BF00BF000402403B
:1070F0004436002008B5074B074A596801F03D01A6
:10710000D960536E0BB1906E9847BDE8084002F00D
:10711000CFBF00BF000402404436002008B5084B32
:107120005968890901F03D018A01DA60054AD36E88
:107130000BB1106F9847BDE8084002F0B9BF00BF1F
:10714000000402404436002008B5084B5968090C79
:1071500001F03D010A04DA60054A536F0BB1906FEC
:107160009847BDE8084002F0A3BF00BF00040240FA
:107170004436002008B5084B5968890D01F03D01DF
:107180008A05DA60054AD36F13B1D2F880009847B8
:10719000BDE8084002F08CBF0004024044360020E5
:1071A00000230C4910B51A460B4C0B6054F8230011
:1071B000026001EB430004334260402BF6D1074AE2
:1071C0004FF0FF339360D360C2F80834C2F80C3438
:1071D00010BD00BF443600201CC50008000002405E
:1071E0000F28F8B510D9102810D0112811D0122866
:1071F00008D10F240720DFF8C8E00126DEF8005090
:10720000A04208D9002653E00446F4E70F240020EA
:10721000F1E70724FBE706FA00F73D424AD1264C86
:107220004FEA001C3D4304EB00160EEBC000CEF805
:107230000050C0E90123FBB273B12048D0F8D83028
:1072400043F00103C0F8D830D0F8003143F0010317
:10725000C0F80031D0F8003117F47F4F0ED0174836
:10726000D0F8D83043F00203C0F8D830D0F800315D
:1072700043F00203C0F80031D0F8003154F80C009C
:10728000036823F01F030360056815F00105FBD1B7
:1072900004EB0C033D2493F80CC05F6804FA0CF473
:1072A0003C6021240560446112B1987B00F0D4FC5D
:1072B0003046F8BD0130A3E71CC500080044025861
:1072C0004436002010B5302484F31188FFF788FF7E
:1072D000002383F3118810BD10B50446807B00F0B5
:1072E000D1FC01231549627B03FA02F20B6823EA01
:1072F0000203DAB20B6072B9114AD2F8D81021F049
:107300000101C2F8D810D2F8001121F00101C2F831
:107310000011D2F8002113F47F4F0ED1084BD3F89F
:10732000D82022F00202C3F8D820D3F8002122F09E
:107330000202C3F80021D3F8003110BD443600200A
:107340000044025808B5302383F31188FFF7C4FFC7
:10735000002383F3118808BD836CC26A8B42506896
:1073600010B506D95A1E4C0002EB4103B3FBF4F3EF
:10737000184410BD01F001038A0748BF43F002031F
:107380004A0748BF43F008030A0748BF43F0040315
:10739000CA0648BF43F010038A06426B48BF43F059
:1073A000200313434363704710B5074C204600F099
:1073B000D5FF064B0022C4E91023054BA364054BFF
:1073C000E363054BE36410BDC83600200070005233
:1073D00000B4C4041C3700201C390020C36A0BB958
:1073E000104BC3620379012B11D10F4B98420ED180
:1073F0000E4BD3F8D42042F48032C3F8D420D3F813
:10740000FC2042F48032C3F8FC20D3F8FC30436CFB
:1074100000221A65DA621A605A605A624FF0FF322F
:107420009A6370471CC60008C83600200044025802
:107430000379012B24D0436C00221A65DA621A60AA
:107440005A605A624FF0FF329A630E4B984217D13E
:107450000D4BDA6F42F48032DA67DA6F22F4803251
:10746000DA67DA6FD3F8D42022F48032C3F8D4205C
:10747000D3F8FC2022F48032C3F8FC20D3F8FC308F
:10748000704700BFC83600200044025810B5446C55
:107490000649FFF761FF6060236842F2107043F015
:1074A00003032360BDE8104001F06EBD801A0600A2
:1074B0000129F8B5466C0B4F09D175680A493D4062
:1074C000FFF74AFF054345F480557560F8BD7468C1
:1074D00006493C40FFF740FF044344F48054746085
:1074E000F4E700BF00ECFFFF80F0FA0240787D0176
:1074F000436C00225A601A6070470000426C0129F8
:10750000536823F4404304D0022905D001B95360E5
:10751000704743F48043FAE743F40043F7E7000081
:10752000436C41F480519A60D9605A6B1206FCD5C5
:1075300080229A637047000010B541F48851446C72
:10754000A260E160616B11F04502FBD0A26311F013
:10755000040203D0FFF70EFF012010BD6169104641
:107560001960FAE710B541F48851446CA260E160FB
:10757000616B11F04502FBD0A26311F0050203D04C
:10758000FFF7F8FE012010BD616910461960FAE7A7
:1075900073B5134604460E46302282F31188426CBE
:1075A000D26B32B14FF0FF314030019301F0F8FC63
:1075B000019B606C00220265C263C262456B15F4D8
:1075C000807504D185F31188012002B070BD4FF0A1
:1075D000FF31816382F31188012E06D90C212046E8
:1075E00002B0BDE87040FFF7BDBF1046EDE70000F8
:1075F00073B5446C0E4600250192616BA16325654D
:10760000E562FFF7B7FE012E07D9019B2A460C2140
:1076100002B0BDE87040FFF7A5BF02B070BD00002A
:1076200010B541F49851446CA260E160616B11F0B7
:107630004502FBD0A26311F03F0203D0FFF79AFE90
:10764000012010BD216A10461960E1695960A169E5
:1076500099606169D960F4E72DE9F7430446019127
:10766000006D01A91746984602F03CFC064600282A
:107670004AD0626C2046DDF804905568C5F30905D0
:1076800001356B00A56CB5FBF3F54FF47A73B5FBD0
:10769000F3F55D43556200F027FE50BB636C4FF07D
:1076A000FF3201254146C3F8589020461D659A6374
:1076B0004FF49572DA6342F207029F62DA62E36C7A
:1076C0000A9AFFF74FFFA0B9E26C104B11680B400C
:1076D0007BB929462046FFF75BFF054648B92E4691
:1076E0003A460199206D02F035FC304603B0BDE802
:1076F000F083E26C20460121FFF77AFF3A460199B8
:10770000206D02F027FCF0E70126EEE708E0FFFD20
:107710002DE9F7431F46436C01924FF47A725D687E
:1077200004468846C5F3090501356E00856CB5FB36
:10773000F6F5B5FBF2F555435D6200F0D5FD20B1DD
:107740000125284603B0BDE8F0837E0201A9206D23
:10775000324602F0C7FB05460028F1D0636C019A5F
:10776000D4F84C909A6501221A654FF0FF329A6363
:107770004FF49572DA639E62236BDB064B4658BF6B
:107780004FEA4828012F42461BD912212046FFF715
:10779000E9FEC0B9D9F80020104B13409BB9636CC7
:1077A00042F2930239462046DA62E26CFFF7F0FEBD
:1077B000804640B932460199206D454602F0CAFB29
:1077C000BFE71121E2E7E26C39462046FFF710FFE0
:1077D00032460199206D02F0BDFBB2E708E0FFFDE3
:1077E0002DE9F3411F46436C01924FF47A725D68B4
:1077F00004468846C5F3090501356E00856CB5FB66
:10780000F6F5B5FBF2F555435D6200F06DFD20B174
:107810000125284602B0BDE8F0817E0201A9206D55
:10782000324602F0AFFB05460028F1D0636C019AA6
:107830009A6501221A654FF0FF329A634FF48D72F8
:10784000DA639E62236BE66CDB06334658BF4FEA71
:107850004828012F424619D919212046FFF782FEF8
:10786000B0B932680F4B134093B9636C42F2910286
:1078700039462046DA62E26CFFF78AFE064638B9DE
:1078800001993546206D02F0B9FBC2E71821E4E703
:1078900039462046E26CFFF7ABFE0199206D02F0FD
:1078A000ADFBB6E708E0FFFD12F0030F2DE9F04154
:1078B00007460C4615461E4617D00E44B44202D168
:1078C0000020BDE8F0810123FA6B21463846FFF71E
:1078D0001FFF0028F5D128464FF40072F96B05F51B
:1078E00000750134FAF7C2FAE8E7BDE8F041FFF7A6
:1078F0000FBF000012F0030F2DE9F04107460C46C0
:1079000015461E4617D00E44B44202D10020BDE8F1
:10791000F08129464FF40072F86B05F50075FAF70F
:10792000A5FA0123FA6B21463846FFF759FF0028D4
:10793000EDD10134E8E7BDE8F041FFF751BF0000A9
:1079400000207047302310B583F311880024436C66
:1079500040302146DC6301F031FB84F3118810BD17
:10796000026843681143016003B118477047000083
:10797000024A136843F0C00313607047004400409C
:10798000024A136843F0C003136070470048004088
:10799000024A136843F0C003136070470078004048
:1079A000064BD3F8E8200243C3F8E820D3F81021AF
:1079B0001043C3F81001D3F8103170470044025847
:1079C00037B5274C274D204600F028FD04F1140060
:1079D000009400234FF40072234900F0C3F94FF4E0
:1079E0000072224904F138000094214B00F03CFA67
:1079F000204BC4E91735204C204600F00FFD04F160
:107A00001400009400234FF400721C4900F0AAF9FE
:107A10004FF400721A4904F138000094194B00F039
:107A200023FA194BC4E91735184C204600F0F6FC30
:107A300004F1140000234FF400721549009400F083
:107A400091F9144B4FF40072134904F1380000947B
:107A500000F00AFA114BC4E9173503B030BD00BF7E
:107A60002039002000E1F505643A00206440002040
:107A700071790008004400408C390020643C0020EB
:107A8000644200208179000800480040F839002055
:107A9000643E002091790008644400200078004092
:107AA00038B5264D0446037C002918BF0D46012B2E
:107AB00006D1234B984230D14FF40030FFF770FFCE
:107AC0002A68236EE16D03EB5203A566B3FBF2F364
:107AD0006A68100442BF23F0070003F0070343EA7B
:107AE0004003CB60AB6843F040034B60EB6843F06E
:107AF00001038B6042F4967343F001030B604FF077
:107B0000FF330B62510505D512F0102211D0B2F1EE
:107B1000805F10D084F8643038BD0A4B984205D09D
:107B2000094B9842CCD14FF08040C7E74FF48020FA
:107B3000C4E77F23EEE73F23ECE700BF24C600083D
:107B4000203900208C390020F83900202DE9F04739
:107B5000C66D05463768F469210734621AD014F0FF
:107B6000080118BF4FF48071E20748BF41F02001BF
:107B7000A3074FF0300348BF41F04001600748BF02
:107B800041F0800183F31188281DFFF7E9FE0023EF
:107B900083F31188E2050AD5302383F311884FF46B
:107BA0008061281DFFF7DCFE002383F311884FF06E
:107BB00030094FF0000A14F0200838D13B0616D5E2
:107BC0004FF0300905F1380A200610D589F31188E5
:107BD000504600F07DF9002836DA0821281DFFF70D
:107BE000BFFE27F080033360002383F311887906FA
:107BF00014D5620612D5302383F31188D5E91323F7
:107C00009A4208D12B6C33B127F040071021281D70
:107C1000FFF7A6FE3760002383F31188E30618D52B
:107C2000AA6E1369ABB15069BDE8F047184789F3F4
:107C30001188736A284695F86410194000F008FC12
:107C40008AF31188F469B6E7B06288F31188F469A1
:107C5000BAE7BDE8F0870000090100F160430122A6
:107C600003F56143C9B283F8001300F01F039A4083
:107C700043099B0003F1604303F56143C3F880218E
:107C80001A60704700F01F0301229A40430900F177
:107C900060409B0000F5614003F1604303F56143E0
:107CA000C3F88020C3F88021002380F80033704798
:107CB000F8B51546826804460B46AA4200D285688C
:107CC000A1692669761AB5420BD218462A46FAF7F8
:107CD000CDF8A3692B44A3612846A3685B1BA3606E
:107CE000F8BD0CD9AF1B18463246FAF7BFF83A4632
:107CF000E1683044FAF7BAF8E3683B44EBE718462A
:107D00002A46FAF7B3F8E368E5E700008368934290
:107D1000F7B50446154600D28568D4E90460361AE2
:107D2000B5420BD22A46FAF7A1F863692B44636186
:107D30002846A3685B1BA36003B0F0BD0DD9324693
:107D4000AF1B0191FAF792F801993A46E068314485
:107D5000FAF78CF8E3683B44E9E72A46FAF786F835
:107D6000E368E4E710B50A440024C361029B846021
:107D7000C16002610362C0E90000C0E9051110BDE5
:107D800008B5D0E90532934201D1826882B9826890
:107D9000013282605A1C426119700021D0E904321C
:107DA0009A4224BFC368436101F022F9002008BD54
:107DB0004FF0FF30FBE7000070B5302304460E465D
:107DC00083F31188A568A5B1A368A269013BA360EC
:107DD000531CA36115782269934224BFE368A36111
:107DE000E3690BB120469847002383F311882846A6
:107DF00007E03146204601F0EBF80028E2DA85F38F
:107E0000118870BD2DE9F74F04460E461746984677
:107E1000D0F81C904FF0300A8AF311884FF0000B15
:107E2000154665B12A4631462046FFF741FF034615
:107E300060B94146204601F0CBF80028F1D000237C
:107E400083F31188781B03B0BDE8F08FB9F1000F00
:107E500003D001902046C847019B8BF31188ED1A8F
:107E60001E448AF31188DCE7C160C361009B826015
:107E70000362C0E905111144C0E9000001617047C7
:107E8000F8B504460D461646302383F31188A768DB
:107E9000A7B1A368013BA36063695A1C62611D70AE
:107EA000D4E904329A4224BFE3686361E3690BB109
:107EB00020469847002080F3118807E0314620468D
:107EC00001F086F80028E2DA87F31188F8BD000097
:107ED000D0E9052310B59A4201D182687AB9826847
:107EE0000021013282605A1C82611C7803699A4227
:107EF00024BFC368836101F07BF8204610BD4FF0BA
:107F0000FF30FBE72DE9F74F04460E46174698462B
:107F1000D0F81C904FF0300A8AF311884FF0000B14
:107F2000154665B12A4631462046FFF7EFFE034667
:107F300060B94146204601F04BF80028F1D00023FB
:107F400083F31188781B03B0BDE8F08FB9F1000FFF
:107F500003D001902046C847019B8BF31188ED1A8E
:107F60001E448AF31188DCE70379052B05BF836A79
:107F7000002001204B6004BF4FF400730B6070477A
:107F800070B55D1E866A04460D44B54205D9436B43
:107F900043F080034363012070BD06250571FFF7A0
:107FA00083FC05232371F7E770B55D1E866A0446DE
:107FB0000D44B54205D9436B43F080034363012070
:107FC00070BD07250571FFF795FC05232371F7E7C1
:107FD00038B505790446052D05D108230371FFF74F
:107FE000AFFC257138BD0120FCE700000323F0B58C
:107FF000037185B00446FFF749FA00222046114676
:10800000FFF78EFA4FF4D57203AB08212046FFF735
:10801000A9FA0246B8B901232363039BC3F30323E0
:10802000012B09D103AB37212046FFF79BFA18B982
:10803000A44B039A1340ABB120460125FFF758FA31
:108040000223237137E103AB002237212046FFF7DB
:1080500089FA28B99B4A039B1A40002A00F0A7809E
:1080600002232363236B03F00F03022B40F0A9804C
:108070006425954E42F2107000F086FF03AB324645
:1080800001212046FFF758FA0028D5D1039B002B89
:1080900080F293805A0003D5236B43F010032363CF
:1080A000002204F1080302212046FFF7B9FA024634
:1080B0000028C1D104F1380303212046FFF752FA0A
:1080C0000028B9D104F11805A26B092120462B46DE
:1080D000FFF7A6FA0028AFD102ABA26B072120461A
:1080E000FFF740FA06460028A6D1236B03F00F03E2
:1080F000022B40F08F807E227F21284603F050F92A
:10810000012840F28780E76B42F2107000F03CFFDC
:1081100008234FF40072394620460096FFF79CFA78
:10812000002889D1384603F089F9236BA06203F057
:108130000F03022B72D103AB644A06212046FFF7DE
:1081400011FA002871D15F49039B1940B1FA81F1FE
:1081500049092046FFF7ACF902AB4FF40072102139
:108160002046FFF7FFF9054600287FF465AF554E1E
:10817000029B33427FF460AF236B13F00E0F03F0CA
:108180000F0273D0022A7FF457AFE36A19780129EE
:1081900000F09480022900F09380002900F089808B
:1081A0004B4F2046FFF7AAF903AB3A4676E011465B
:1081B00020462263FFF7B4F954E7013D7FF45AAF3C
:1081C0003AE7444D6426444A3E4F012B18BF1546FA
:1081D00003AB002237212046FFF7C4F900287FF4C3
:1081E0002BAF039B3B427FF427AF03AB2A462921E9
:1081F0002046FFF7A1F900287FF41EAF039B002B58
:10820000FFF648AF013E3FF417AF42F2107000F0A6
:10821000BBFEDDE7284603F0E5F886E77E227F21F6
:108220002846E66B03F0BCF808B9002191E700236B
:1082300040223146204600930623FFF70DFA00281E
:10824000F3D1B3895BBA9B07EFD5244B402231466B
:10825000204600930623FFF7FFF90028E5D1317C83
:1082600001F00F010F3918BF012172E7E36A197895
:10827000F9B101297FF4E0AE2046FFF73FF903ABE7
:10828000A26B37212046FFF76DF900287FF4D4AEAA
:10829000039B33427FF4D0AE03AB0222062120467B
:1082A000FFF760F900287FF4C7AE039B33427FF4E9
:1082B000C3AE05232371284605B0F0BD084F70E713
:1082C000084F6EE708E0FFFD0080FFC00001B90322
:1082D0000000B7030080FF5000001080F1FFFF8016
:1082E0000001B7030002B70337B504460C4D01ABDC
:1082F000A26B0D212046FFF735F978B9019B2B427F
:108300000BD1C3F34323042B08D0053B022B04D825
:108310004FF47A7000F038FEE9E7012003B030BD79
:1083200008E0FFFD70B53023054683F3118803791B
:108330000024022B03D184F31188204670BD04234E
:10834000037184F311880226FFF7CEFF0446284606
:10835000FFF7CEF82E71F0E7FFF726B8044B036065
:108360000123037100234363C0E90A33704700BF50
:108370003CC6000810B53023044683F31188C1625F
:10838000FFF72CF802230020237180F3118810BD21
:1083900010B53023044683F31188FFF749F8002312
:1083A0000122E362227183F3118810BD02684368E1
:1083B0001143016003B11847704700001430FFF704
:1083C00021BD00004FF0FF331430FFF71BBD00004C
:1083D0003830FFF797BD00004FF0FF333830FFF71C
:1083E00091BD00001430FFF7E7BC00004FF0FF31F3
:1083F0001430FFF7E1BC00003830FFF741BD00004A
:108400004FF0FF323830FFF73BBD0000012914BFA9
:108410006FF0130000207047FFF7D2BA044B0360DF
:1084200000234360C0E9023301230374704700BF97
:1084300060C6000810B53023044683F31188FFF7A7
:108440002FFB02230020237480F3118810BD00004D
:1084500038B5C36904460D461BB904210844FFF72B
:10846000A5FF294604F11400FFF78AFC002806DA6C
:10847000201D4FF40061BDE83840FFF797BF38BDBD
:10848000026843681143016003B118477047000058
:1084900013B5406B00F58054D4F8A4381A681178ED
:1084A000042914D1017C022911D1197901231289DF
:1084B0008B4013420BD101A94C3002F09FFED4F83F
:1084C000A4480246019B2179206800F0DFF902B040
:1084D00010BD0000143002F021BE00004FF0FF3349
:1084E000143002F01BBE00004C3002F0F3BE00005E
:1084F0004FF0FF334C3002F0EDBE0000143002F0BC
:10850000EFBD00004FF0FF31143002F0E9BD000074
:108510004C3002F0BFBE00004FF0FF324C3002F092
:10852000B9BE00000020704710B500F58054D4F8A3
:10853000A4381A681178042917D1017C022914D1B2
:108540005979012352898B4013420ED1143002F025
:1085500081FD024648B1D4F8A4484FF440736179D4
:108560002068BDE8104000F07FB910BD406BFFF7F8
:10857000DBBF0000704700007FB5124B01250426C9
:10858000044603600023057400F184024360294619
:10859000C0E902330C4B0290143001934FF4407346
:1085A000009602F033FD094B04F69442294604F18B
:1085B0004C000294CDE900634FF4407302F0FAFDE1
:1085C00004B070BD88C600086D850008918400085D
:1085D0000A68302383F311880B790B3342F82300A8
:1085E0004B79133342F823008B7913B10B3342F8E4
:1085F000230000F58053C3F8A4180223037400205D
:1086000080F311887047000038B5037F044613B12A
:1086100090F85430ABB90125201D0221FFF730FF3F
:1086200004F114006FF00101257700F0EDFC04F176
:108630004C0084F854506FF00101BDE8384000F060
:10864000E3BC38BD10B5012104460430FFF718FF24
:108650000023237784F8543010BD000038B5044659
:108660000025143002F0EAFC04F14C00257702F0FA
:10867000B9FD201D84F854500121FFF701FF204669
:10868000BDE83840FFF750BF90F8803003F060033A
:10869000202B06D190F881200023212A03D81F2AFD
:1086A00006D800207047222AFBD1C0E91D3303E021
:1086B000034A426707228267C3670120704700BFF1
:1086C0004422002037B500F58055D5F8A4381A6843
:1086D000117804291AD1017C022917D119790123B3
:1086E00012898B40134211D100F14C04204602F054
:1086F00039FE58B101A9204602F080FDD5F8A44802
:108700000246019B2179206800F0C0F803B030BD1B
:1087100001F10B03F0B550F8236085B004460D4617
:10872000FEB1302383F3118804EB8507301D082147
:10873000FFF7A6FEFB6806F14C005B691B681BB1E6
:10874000019002F069FD019803A902F057FD02466D
:1087500048B1039B2946204600F098F8002383F394
:10876000118805B0F0BDFB685A691268002AF5D07F
:108770001B8A013B1340F1D104F18002EAE70000BB
:10878000133138B550F82140ECB1302383F3118810
:1087900004F58053D3F8A4281368527903EB8203BD
:1087A000DB689B695D6845B104216018FFF768FECE
:1087B000294604F1140002F057FC2046FFF7B4FEEE
:1087C000002383F3118838BD7047000001F06EBDAF
:1087D00001234022002110B5044600F8303BF9F790
:1087E0006BFB0023C4E9013310BD000010B530233A
:1087F000044683F311882422416000210C30F9F7EC
:108800005BFB204601F074FD02230020237080F3FF
:10881000118810BD70B500EB8103054650690E4606
:108820001446DA6018B110220021F9F745FBA0695F
:1088300018B110220021F9F73FFB31462846BDE868
:10884000704001F05BBE000083682022002103F02D
:10885000011310B5044683601030F9F72DFB204654
:10886000BDE8104001F0D6BEF0B4012500EB810454
:1088700047898D40E4683D43A46945812360002316
:10888000A2606360F0BC01F0F3BE0000F0B401250B
:1088900000EB810407898D40E4683D4364690581EC
:1088A00023600023A2606360F0BC01F069BF000098
:1088B00070B5022300250446242203702946C0F81F
:1088C00088500C3040F8045CF9F7F6FA204684F83A
:1088D000705001F0A7FD63681B6823B1294620464C
:1088E000BDE87040184770BD0378052B10B50446ED
:1088F0000AD080F88C300523037043681B680BB1E5
:10890000042198470023A36010BD000001780529C9
:1089100006D190F88C20436802701B6803B1184799
:108920007047000070B590F87030044613B1002312
:1089300080F8703004F18002204601F08FFE6368F9
:108940009B68B3B994F8803013F0600535D00021EE
:10895000204602F081F90021204602F071F9636897
:108960001B6813B1062120469847062384F870300F
:1089700070BD204698470028E4D0B4F88630A26F36
:108980009A4288BFA36794F98030A56F002B4FF0FF
:10899000300380F20381002D00F0F280092284F878
:1089A000702083F3118800212046D4E91D23FFF7AE
:1089B0006DFF002383F31188DAE794F8812003F038
:1089C0007F0343EA022340F20232934200F0C58063
:1089D00021D8B3F5807F48D00DD8012B3FD0022B92
:1089E00000F09380002BB2D104F18802626702226A
:1089F000A267E367C1E7B3F5817F00F09B80B3F521
:108A0000407FA4D194F88230012BA0D1B4F88830F3
:108A100043F0020332E0B3F5006F4DD017D8B3F541
:108A2000A06F31D0A3F5C063012B90D863682046B6
:108A300094F882205E6894F88310B4F88430B047CC
:108A4000002884D0436863670368A3671AE0B3F51E
:108A5000106F36D040F6024293427FF478AF5C4B01
:108A600063670223A3670023C3E794F88230012BD6
:108A70007FF46DAFB4F8883023F00203A4F8883097
:108A8000C4E91D55E56778E7B4F88030B3F5A06F09
:108A90000ED194F88230204684F88A3001F020FD0F
:108AA00063681B6813B10121204698470323237094
:108AB0000023C4E91D339CE704F18B0363670123A2
:108AC000C3E72378042B10D1302383F31188204689
:108AD000FFF7BAFE85F311880321636884F88B5091
:108AE00021701B680BB12046984794F88230002B08
:108AF000DED084F88B300423237063681B68002B5E
:108B0000D6D0022120469847D2E794F884302046F8
:108B10001D0603F00F010AD501F092FD012804D0D3
:108B200002287FF414AF2B4B9AE72B4B98E701F008
:108B300079FDF3E794F88230002B7FF408AF94F8C6
:108B4000843013F00F01B3D01A06204602D502F08C
:108B50009BF8ADE702F08CF8AAE794F88230002B7E
:108B60007FF4F5AE94F8843013F00F01A0D01B060B
:108B7000204602D502F070F89AE702F061F897E714
:108B8000142284F8702083F311882B462A46294644
:108B90002046FFF769FE85F31188E9E65DB11522ED
:108BA00084F8702083F3118800212046D4E91D2326
:108BB000FFF75AFEFDE60B2284F8702083F311883C
:108BC0002B462A4629462046FFF760FEE3E700BF12
:108BD000B8C60008B0C60008B4C6000838B590F89A
:108BE00070300446002B3ED0063BDAB20F2A34D850
:108BF0000F2B32D8DFE803F0373131082232313120
:108C00003131313131313737856FB0F886309D429F
:108C100014D2C3681B8AB5FBF3F203FB12556DB97E
:108C2000302383F311882B462A462946FFF72EFE70
:108C300085F311880A2384F870300EE0142384F839
:108C40007030302383F31188002320461A461946DA
:108C5000FFF70AFE002383F3118838BDC36F03B109
:108C600098470023E7E70021204601F0F5FF0021A7
:108C7000204601F0E5FF63681B6813B1062120461A
:108C800098470623D7E7000010B590F870300446E7
:108C9000142B29D017D8062B05D001D81BB110BD35
:108CA000093B022BFBD80021204601F0D5FF002113
:108CB000204601F0C5FF63681B6813B106212046FA
:108CC0009847062319E0152BE9D10B2380F8703063
:108CD000302383F3118800231A461946FFF7D6FD87
:108CE000002383F31188DAE7C3689B695B68002B74
:108CF000D5D1C36F03B19847002384F87030CEE715
:108D00000023826880F8243083691B689968914247
:108D1000FBD25A68036042601060586070470000E0
:108D20000023826880F8243083691B689968914227
:108D3000FBD85A68036042601060586070470000BA
:108D400008B50846302383F3118891F82430032BAB
:108D500005D0042B0DD02BB983F3118808BD8B6A85
:108D600000221A604FF0FF338362FFF7C9FF002330
:108D7000F2E7D1E9003213605A60F3E7034610B519
:108D80001B68984203D09C688A689442F8D25A685B
:108D90000B604A601160596010BD0000FFF7B0BF62
:108DA00038B50B4B1C68DD6885F8240022685360D9
:108DB0001A600122DC60A36884F82420934201D168
:108DC00001F03AF929462046BDE83840F7F7BEBB26
:108DD000684600200C4B30B5DD684B1C87B004465C
:108DE0000FD02B46094A684600F0A2F92046FFF74B
:108DF000D7FF009B13B1684600F0A4F9A86A07B03A
:108E000030BDFFF7CDFFF9E768460020418D00082F
:108E1000044B1A68DB6890689B68984294BF0020F6
:108E2000012070476846002038B50C4B1C68DD688F
:108E3000226853601A600122DC6084F82420AB6849
:108E4000934201D101F0FAF82846FFF769FF014685
:108E50002046BDE83840F7F779BB00BF68460020E0
:108E6000044B1A68DB6892689B689A4201D9FFF745
:108E7000DBBF70476846002038B50123084C002549
:108E80002370656002F008FB02F02EFB05490648DE
:108E900002F004FC0223237085F3118838BD00BF63
:108EA00010490020C0C600086846002000F080B9C4
:108EB000034A516853685B1A9842FBD8704700BF59
:108EC000001000E08B604B630023CA6100F12802B0
:108ED0000B6302230A618B840123886181F82630A9
:108EE00001F11003C26A4A611360C36201F12C03ED
:108EF0000846CB6270470000D0E90131026841F8B2
:108F0000183CA1F19C033839CB60036941F8243C3B
:108F1000436941F8203C034B41F8043CC3680248D4
:108F2000FFF7D0BF650500086846002008B5FFF7C9
:108F3000E3FFBDE80840FFF731BF000038B50E4B36
:108F4000DC6804F12C05A062E06AA8420FD194F815
:108F500026303BB994F825309B0702BFD4E9043290
:108F600013605A600F20BDE83840FFF719BF03684F
:108F7000E362FFF713FFE7E768460020302383F33F
:108F80001188FFF7DBBF000008B50146302383F3EB
:108F900011880820FFF71EFF002383F3118808BD06
:108FA000054BDB6821B1036098620320FFF712BF15
:108FB0004FF0FF30704700BF6846002003682BB1B8
:108FC0000022026018469962FFF7E8BE7047000071
:108FD000064BDB6839B1426818605A601360436021
:108FE0000420FFF7F7BE4FF0FF30704768460020BF
:108FF0000368984206D01A68026050601846996269
:10900000FFF7CCBE7047000038B504460D46206817
:10901000844200D138BD036823605C608562FFF73D
:10902000BDFEF4E7036810B59C68A2420CD85C68EA
:109030008A600B604C602160596099688A1A9A6056
:109040004FF0FF33836010BD121B1B68ECE700007C
:109050000A2938BF0A2170B504460D460A26601950
:1090600002F014FA02F0FCF9041BA54203D8751CA7
:1090700004462E46F3E70A2E04D90120BDE87040CD
:1090800002F0D4BB70BD0000F8B5144B0D460A2A9F
:109090004FF00A07D96103F11001826038BF0A223C
:1090A000416019691446016048601861A81802F00F
:1090B000DDF902F0D5F9431B0646A34206D37C1C1A
:1090C00028192746354602F0E1F9F2E70A2F04D9BC
:1090D0000120BDE8F84002F0A9BBF8BD68460020B9
:1090E000F8B506460D4602F0BBF90F4A134653F891
:1090F000107F9F4206D12A4601463046BDE8F8401F
:10910000FFF7C2BFD169BB68441A2C1928BF2C468F
:10911000A34202D92946FFF79BFF22463146034866
:10912000BDE8F840FFF77EBF684600207846002083
:10913000C0E90323002310B45DF8044B4361FFF73B
:10914000CFBF000010B5194C236998420DD081683B
:10915000D0E9003213605A609A680A449A6000238A
:1091600003604FF0FF33A36110BD0268234643F84C
:10917000102F53600022026022699A4203D1BDE899
:10918000104002F07DB9936881680B44936002F04F
:1091900067F92269E1699268441AA242E4D911444C
:1091A000BDE81040091AFFF753BF00BF6846002012
:1091B0002DE9F047DFF8BC8008F110072C4ED8F8F5
:1091C000105002F04DF9D8F81C40AA68031B9A42CF
:1091D0003ED814444FF00009D5E90032C8F81C40CD
:1091E00013605A60C5F80090D8F81030B34201D12E
:1091F00002F046F989F31188D5E9033128469847EA
:10920000302383F311886B69002BD8D002F028F942
:109210006A69A0EB040982464A450DD2022002F099
:1092200005FB0022D8F81030B34208D15146284639
:10923000BDE8F047FFF728BF121A2244F2E712EB0D
:1092400009092946384638BF4A46FFF7EBFEB5E71D
:10925000D8F81030B34208D01444C8F81C00211AC2
:10926000A960BDE8F047FFF7F3BEBDE8F08700BF97
:10927000784600206846002038B502F0F1F8054A2B
:10928000D2E90845031B181945F10001C2E908019C
:1092900038BD00BF6846002010B560B907480479A2
:1092A0000368053C9B6818BF0124984708B144F047
:1092B0000404204610BD0124FBE700BFC83600208F
:1092C000FFF7EABF2DE9F047884617469A4604465D
:1092D000B0B90D4E3579052D05D003240DE0013DC3
:1092E00015F0FF050ED03268534639463046D2F8A5
:1092F00014904246C8470028F1D12046BDE8F087C7
:109300000424FAE70124F8E7C83600202DE9F047E5
:10931000884617469A460446B0B90D4E3579052D54
:1093200005D003240DE0013D15F0FF050ED0326895
:10933000534639463046D2F818904246C84700286E
:10934000F1D12046BDE8F0870424FAE70124F8E7CC
:10935000C836002037B50C46154670B951B1012901
:109360000BD10748694603681B6A984710B9019BEF
:1093700004462B60204603B030BD0424FAE700BF4A
:10938000C836002000207047FEE70000704700004C
:109390004FF0FF30704700004B6843608B6883607C
:1093A000CB68C3600B6943614B6903628B6943629D
:1093B0000B6803607047000008B53C4B40F2FF713A
:1093C0003B48D3F888200A43C3F88820D3F8882084
:1093D00022F4FF6222F00702C3F88820D3F8882025
:1093E000D3F8E0200A43C3F8E020D3F808210A4369
:1093F000C3F808212F4AD3F808311146FFF7CCFFF4
:1094000000F5806002F11C01FFF7C6FF00F58060E7
:1094100002F13801FFF7C0FF00F5806002F154014E
:10942000FFF7BAFF00F5806002F17001FFF7B4FFAB
:1094300000F5806002F18C01FFF7AEFF00F580605F
:1094400002F1A801FFF7A8FF00F5806002F1C40156
:10945000FFF7A2FF00F5806002F1E001FFF79CFF3B
:1094600000F5806002F1FC01FFF796FF02F58C71B8
:1094700000F58060FFF790FF01F09EFC0E4BD3F8E3
:10948000902242F00102C3F89022D3F8942242F0D5
:109490000102C3F894220522C3F898204FF06052CD
:1094A000C3F89C20054AC3F8A02008BD0044025818
:1094B00000000258D4C6000800ED00E01F000803B9
:1094C00008B501F08FFDFFF7D7FC104BD3F8DC2077
:1094D00042F04002C3F8DC20D3F8042122F040021D
:1094E000C3F80421D3F80431094B1A6842F008028A
:1094F0001A601A6842F004021A6000F087FD00F05A
:1095000041FBBDE8084000F0B5B800BF0044025878
:109510000018024801207047002070477047000083
:1095200002290CD0032904D00129074818BF0020C4
:109530007047032A05D8054800EBC200704704486D
:1095400070470020704700BFE0C800085422002088
:1095500094C8000870B59AB005460846144601A99B
:1095600000F0C2F801A8F8F79FFC431C0022C6B225
:109570005B001046C5E9003423700323023404F86D
:10958000013C01ABD1B202348E4201D81AB070BD99
:1095900013F8011B013204F8010C04F8021CF1E776
:1095A00008B5302383F311880348FFF78BF80023B5
:1095B00083F3118808BD00BF1849002090F880305F
:1095C00003F01F02012A07D190F881200B2A03D152
:1095D0000023C0E91D3315E003F06003202B08D100
:1095E000B0F884302BB990F88120212A03D81F2AA3
:1095F00004D8FFF749B8222AEBD0FAE7034A4267BA
:1096000007228267C3670120704700BF4B220020FA
:1096100007B5052917D8DFE801F019160319192035
:10962000302383F31188104A01210190FFF7F2F8EB
:10963000019802210D4AFFF7EDF80D48FFF70EF8EB
:10964000002383F3118803B05DF804FB302383F318
:1096500011880748FEF7D8FFF2E7302383F311881B
:109660000348FEF7EFFFEBE734C8000858C80008CE
:109670001849002038B50C4D0C4C2A460C4904F111
:109680000800FFF767FF05F1CA0204F1100009495D
:10969000FFF760FF05F5CA7204F118000649BDE83E
:1096A0003840FFF757BF00BFF06100205422002070
:1096B00008C8000815C800082BC8000870B5044683
:1096C00008460D46F8F7F0FBC6B220460134037891
:1096D0000BB9184670BD32462946F8F7D1FB002871
:1096E000F3D10120F6E700002DE9F84F05460C46BE
:1096F000F8F7DAFB2C49C6B22846FFF7DFFF08B1BE
:109700000336F6B229492846FFF7D8FF08B11036CC
:10971000F6B2632E0DD8DFF89080DFF89090244FDA
:10972000DFF894A0DFF894B02E7846B92670BDE833
:10973000F88F29462046BDE8F84F02F037B9252EAC
:109740002ED1072241462846F8F79AFB70B9DBF87C
:10975000003007350A3444F80A3CDBF8043044F89A
:10976000063CBBF8083024F8023CDDE708224946F5
:109770002846F8F785FB98B9A21C0E4B19780232DF
:109780000909C95D02F8041C13F8011B01F00F015F
:109790005345C95D02F8031CF0D118340835C3E7FE
:1097A000013504F8016BBFE700C900082BC80008A9
:1097B00013C9000800E8F11F0CE8F11F08C90008F0
:1097C000BFF34F8F044B1A695107FCD1D3F8102116
:1097D0005207F8D1704700BF0020005208B50D4B6A
:1097E0001B78ABB9FFF7ECFF0B4BDA68D10704D558
:1097F0000A4A5A6002F188325A60D3F80C21D20723
:1098000006D5064AC3F8042102F18832C3F80421C0
:1098100008BD00BF4E6400200020005223016745B0
:1098200008B5114B1B78F3B9104B1A69510703D5D2
:10983000DA6842F04002DA60D3F81021520705D509
:10984000D3F80C2142F04002C3F80C21FFF7B8FF17
:10985000064BDA6842F00102DA60D3F80C2142F0DC
:109860000102C3F80C2108BD4E6400200020005204
:109870000F289ABF00F58060400400207047000068
:109880004FF4003070470000102070470F2808B5D3
:109890000BD8FFF7EDFF00F500330268013204D169
:1098A00004308342F9D1012008BD0020FCE700000C
:1098B0000F2838B505463FD8FFF782FF1F4CFFF74A
:1098C0008DFF4FF0FF3307286361C4F814311DD8B2
:1098D0002361FFF775FF030243F02403E360E368AD
:1098E00043F08003E36023695A07FCD42846FFF75E
:1098F00067FFFFF7BDFF4FF4003100F0B7FA2846CD
:10990000FFF78EFFBDE83840FFF7C0BFC4F8103145
:10991000FFF756FFA0F108031B0243F02403C4F82D
:109920000C31D4F80C3143F08003C4F80C31D4F876
:1099300010315B07FBD4D9E7002038BD002000526E
:109940002DE9F84F04460D46104644EA0203DE06B0
:1099500002D00020BDE8F88F20F01F00DFF8D4B05F
:10996000DFF8D4A0FFF73AFF05EB0008454503D127
:109970000120FFF755FFEDE720222946204601F0A0
:10998000BBFF10B920342035F0E7234604F1200254
:109990001F68791CDDD104339342F9D104F1784377
:1099A0002048214EB3F5801F204B38BF184603F1E5
:1099B000F80332BFD946D1461E46FFF701FF0760C4
:1099C000A4EB050C336805F11C0143F0020333607E
:1099D0002B1FD9F8007017F00507FAD153F8042FA0
:1099E0008B424CF80320F4D1BFF34F8FFFF7E8FE12
:1099F0004FF0FF330360336823F002033360BFF39B
:109A00004F8F0B4BC3F85C42BFF34F8FBFF36F8F89
:109A100020222946204601F06FFF0028B2D03846A8
:109A2000A7E700BF142100520C200052142000525E
:109A300000ED00E0102000521021005210B5084C3B
:109A4000237828B11BB9FFF7C9FE0123237010BD8D
:109A5000002BFCD02070BDE81040FFF7E1BE00BF36
:109A60004E6400202DE9F04F0D4685B0814658B177
:109A700011F00D0614BF2022082211F008030193F3
:109A800004D0431E034269D0002435E0002E37D0B5
:109A900009F11F0121F01F094FF00108314F05F0B6
:109AA0000403DFF8CCA005EA080BBBF1000F32D0AD
:109AB0007869C0072FD408F101080C37B8F1060FF8
:109AC000F3D19EB9284D4946A819019201F02EFD07
:109AD0000446002839D12036019AA02EF3D14946F8
:109AE00001F024FD044600282FD1019A49461F4861
:109AF00001F01CFD044660BB204605B0BDE8F08FB8
:109B00000029C9D101462846029201F00FFD044602
:109B1000D8B9029AC0E713B178694107CBD5AC0731
:109B200002D578698007C6D5019911B17869010716
:109B3000C1D549460AEB4810CDE9022301F0F6FCF5
:109B40000446DDE902230028B5D04A46002120461C
:109B500001E04A460021F8F7AFF9CDE70246002EB2
:109B600096D199E724C90008906400205064002031
:109B7000706400200021FFF775BF00000121FFF78E
:109B800071BF000000231A4670B51A600433B3F5A4
:109B9000806FFAD1104D0124104E06EB44100134B1
:109BA0002A6955F80C1F01F0ADFC062CF5D13725BC
:109BB0004FF4C0542046FFF7E1FF014628B122468A
:109BC0000748BDE8704001F09DBCC4EBC404013DF2
:109BD0004FEAD404EED170BD24C90008706400209F
:109BE000506400200421FFF73DBF00004843FFF709
:109BF000C1BF000008B101F00BBD7047B0F5805F38
:109C000010B5044607D8FFF7EDFF28B92046BDE898
:109C10001040FFF7AFBF002010BD0000FFF7EABF04
:109C200070B5AAB140EA010313F01F030FD1094C2C
:109C30000144A5686D0706D52568A84203D3666868
:109C40003544A94204D903330C34122BF1D100223C
:109C5000104670BD24C9000808B501F0EFFD034AA5
:109C6000D2E90032C01842EB010108BD3065002086
:109C7000434BD3E900232DE9F34113437CD0FFF795
:109C8000EBFF404A00230027F6F77AFC06460D4614
:109C90003D4A0023F6F774FC00231446304629465B
:109CA000394AF6F76DFC4FF461613C23ADF8017061
:109CB000B4FBF1F5B4FBF3F601FB154103FB1646CB
:109CC0004624B1FBF3F1314BF6B28DF800409842D7
:109CD0003CD84FF0640C4FF4C87EA30704F26C72BA
:109CE00025D1B2FBFCF30CFB132313BBB2FBFEF339
:109CF0000EFB1322B2FA82F35B0903F26D18621CA9
:109D00008045D2B217D90FB18DF800400022204C07
:109D10004FF00C0C17460CFB0343D4B2013213F87E
:109D200004C084450CD8A0EB0C000127F5E7002304
:109D3000E3E70123E1E7A0EB080014460127CCE7A5
:109D40000FB18DF80140431C8DF802309DF80100E1
:109D5000431C9DF800005038400640EA43509DF8EF
:109D6000023040EA034040EA560040EAC52040EA9B
:109D7000411002B0BDE8F0814FF40410F9E700BFD4
:109D80003065002040420F008051010090230B00FD
:109D90006CC900080244074BD2B210B5904200D102
:109DA00010BD441C00B253F8200041F8040BE0B28F
:109DB000F4E700BF504000580E4B30B51C6F240430
:109DC00005D41C6F1C671C6F44F400441C670A4CCC
:109DD00002442368D2B243F480732360074B90425D
:109DE00000D130BD441C51F8045B00B243F8205050
:109DF000E0B2F4E7004402580048025850400058CE
:109E000007B5012201A90020FFF7C4FF019803B0A4
:109E10005DF804FB13B50446FFF7F2FFA04205D03E
:109E2000012201A900200194FFF7C6FF02B010BD76
:109E300010B56424013C4FF47A70FFF7A5F814F0D4
:109E4000FF04F7D1084B4FF0807214249A6103F598
:109E5000805308229A61013C4FF47A70FFF794F81E
:109E600014F0FF04F7D110BD000002580144BFF305
:109E70004F8F064B884204D3BFF34F8FBFF36F8FD2
:109E80007047C3F85C022030F4E700BF00ED00E04B
:109E90000144BFF34F8F064B884204D3BFF34F8F6B
:109EA000BFF36F8F7047C3F870022030F4E700BF34
:109EB00000ED00E070B5054616460C460120102165
:109EC000FFF794FE286046733CB1204636B1FFF799
:109ED00089FE2B68186000B19C6070BDFFF74EFED4
:109EE000F7E70000F8B50F461546044648B905F1F6
:109EF0001F010126386821F01F01FFF7B7FF304628
:109F0000F8BD427B29463868FFF78AFE06460028DE
:109F1000EDD13B686360A368AB4210D213B12068F7
:109F2000FFF768FE637B28462BB1FFF75BFE2060DE
:109F300020B9A060E3E7FFF721FEF8E7A5602068FD
:109F400005F11F01012621F01F013860FFF78EFF88
:109F50002673D4E770B50E4602F11F01044615467C
:109F600021F01F013046FFF793FF4CB12168B14249
:109F700006D1606810B12A46F7F778FF00232373F3
:109F800070BD0000F8B50F461446054648B904F107
:109F90001F010126386821F01F01FFF779FF3046C5
:109FA000F8BD427B21463868FFF73AFE0646002896
:109FB000EDD1AB68A34210D213B12868FFF71AFEA7
:109FC0006B7B20462BB1FFF70DFE286020B9A860FF
:109FD000E5E7FFF7D3FDF8E7AC60396819B1224631
:109FE0002868F7F743FF286804F11F01012621F0D4
:109FF0001F013860FFF74CFF2E73D0E720B10368D4
:10A000008B4204BF0023037370470000034B1A68A0
:10A010001AB9034AD2F8D0241A6070473865002074
:10A020000040025808B5FFF7F1FF024B1868C0F373
:10A03000806008BD38650020704700007047000050
:10A04000EFF30983054968334A6B22F001024A6342
:10A0500083F30988002383F31188704700EF00E041
:10A06000302080F3118862B60D4B0E4AD96821F476
:10A07000E0610904090C0A430B49DA60D3F8FC20BB
:10A0800042F08072C3F8FC20084AC2F8B01F116881
:10A0900041F0010111602022DA7783F82200704735
:10A0A00000ED00E00003FA0555CEACC5001000E05D
:10A0B000302310B583F311880E4B5B6813F40063F3
:10A0C00014D0F1EE103AEFF309844FF08073683C3E
:10A0D000E361094BDB6B236684F30988FEF798FE86
:10A0E00010B1064BA36110BD054BFBE783F311884C
:10A0F000F9E700BF00ED00E000EF00E077050008A1
:10A100007A05000870B5BFF34F8FBFF36F8F1A4AFF
:10A110000021C2F85012BFF34F8FBFF36F8F536906
:10A1200043F400335361BFF34F8FBFF36F8FC2F817
:10A130008410BFF34F8FD2F8803043F6E074C3F33E
:10A14000C900C3F34E335B0103EA0406014646EA45
:10A1500081750139C2F86052F9D2203B13F1200F0A
:10A16000F2D1BFF34F8F536943F480335361BFF390
:10A170004F8FBFF36F8F70BD00ED00E0FEE7000072
:10A18000214B2248224A70B5904237D3214BC11E41
:10A19000DA1C121A22F003028B4238BF002200217F
:10A1A000F7F78AFE1C4A0023C2F88430BFF34F8FB2
:10A1B000D2F8803043F6E074C3F3C900C3F34E33E2
:10A1C0005B0103EA0406014646EA81750139C2F8DB
:10A1D0006C52F9D2203B13F1200FF2D1BFF34F8F15
:10A1E000BFF36F8FBFF34F8FBFF36F8F0023C2F8A2
:10A1F0005032BFF34F8FBFF36F8F70BD53F8041B06
:10A2000040F8041BC0E700BF74CA0008B466002011
:10A21000B4660020B466002000ED00E0074BD3F8E0
:10A22000D81021EA0001C3F8D810D3F8002122EA9F
:10A230000002C3F80021D3F80031704700440258EF
:10A2400070B5D0E9244300224FF0FF359E6804EB3F
:10A2500042135101D3F80009002805DAD3F80009A8
:10A2600040F08040C3F80009D3F8000B002805DA5D
:10A27000D3F8000B40F08040C3F8000B01326318A4
:10A280009642C3F80859C3F8085BE0D24FF00113B7
:10A29000C4F81C3870BD0000890141F02001016143
:10A2A00003699B06FCD41220FEF702BE10B50A4CCF
:10A2B0002046FEF78DFA094BC4F89030084BC4F8DD
:10A2C0009430084C2046FEF783FA074BC4F89030D0
:10A2D000064BC4F8943010BD3C65002000000840D7
:10A2E000A8C90008D865002000000440B4C90008CF
:10A2F00070B503780546012B5CD1434BD0F89040F4
:10A30000984258D1414B0E216520D3F8D82042F015
:10A310000062C3F8D820D3F8002142F00062C3F8ED
:10A320000021D3F80021D3F8802042F00062C3F866
:10A330008020D3F8802022F00062C3F88020D3F878
:10A340008030FDF789FC324BE360324BC4F80038B3
:10A350000023D5F89060C4F8003EC02323604FF47A
:10A360000413A3633369002BFCDA01230C2033614F
:10A37000FEF79EFD3369DB07FCD41220FEF798FD43
:10A380003369002BFCDA00262846A660FFF758FF49
:10A390006B68C4F81068DB68C4F81468C4F81C68FB
:10A3A00083BB1D4BA3614FF0FF336361A36843F090
:10A3B0000103A36070BD194B9842C9D1134B4FF0F4
:10A3C0008060D3F8D82042F00072C3F8D820D3F8C8
:10A3D000002142F00072C3F80021D3F80021D3F825
:10A3E000802042F00072C3F88020D3F8802022F051
:10A3F0000072C3F88020D3F88030FFF70FFF0E21E2
:10A400004D209EE7064BCDE73C65002000440258F6
:10A410004014004003002002003C30C0D8650020FA
:10A42000083C30C0F8B5D0F89040054600214FF008
:10A4300000662046FFF730FFD5F8941000234FF058
:10A4400001128F684FF0FF30C4F83438C4F81C286C
:10A4500004EB431201339F42C2F80069C2F8006B5B
:10A46000C2F80809C2F8080BF2D20B68D5F89020A0
:10A47000C5F89830636210231361166916F0100650
:10A48000FBD11220FEF714FDD4F8003823F4FE634C
:10A49000C4F80038A36943F4402343F01003A361D8
:10A4A0000923C4F81038C4F814380B4BEB604FF094
:10A4B000C043C4F8103B094BC4F8003BC4F8106912
:10A4C000C4F80039D5F8983003F1100243F4801332
:10A4D000C5F89820A362F8BD84C900084080001028
:10A4E000D0F8902090F88A10D2F8003823F4FE6358
:10A4F00043EA0113C2F80038704700002DE9F84321
:10A5000000EB8103D0F890500C468046DA680FFAD1
:10A5100081F94801166806F00306731E022B05EB4D
:10A5200041134FF0000194BFB604384EC3F8101B1E
:10A530004FF0010104F1100398BF06F1805601FAB3
:10A5400003F3916998BF06F5004600293AD0578A6F
:10A5500004F15801374349016F50D5F81C180B43DB
:10A560000021C5F81C382B180127C3F81019A74083
:10A570005369611E9BB3138A928B9B08012A88BF83
:10A580005343D8F89820981842EA034301F1400257
:10A590002146C8F89800284605EB82025360FFF771
:10A5A0007BFE08EB8900C3681B8A43EA8453483466
:10A5B0001E4364012E51D5F81C381F43C5F81C7882
:10A5C000BDE8F88305EB4917D7F8001B21F40041DB
:10A5D000C7F8001BD5F81C1821EA0303C0E704F1F3
:10A5E0003F030B4A2846214605EB83035A60FFF7D9
:10A5F00053FE05EB4910D0F8003923F40043C0F8AE
:10A600000039D5F81C3823EA0707D7E70080001087
:10A6100000040002D0F894201268C0F89820FFF7D8
:10A620000FBE00005831D0F8903049015B5813F448
:10A63000004004D013F4001F0CBF0220012070471B
:10A640004831D0F8903049015B5813F4004004D0F1
:10A6500013F4001F0CBF02200120704700EB8101A2
:10A66000CB68196A0B6813604B6853607047000031
:10A6700000EB810330B5DD68AA691368D36019B9AE
:10A68000402B84BF402313606B8A1468D0F890205D
:10A690001C4402EB4110013C09B2B4FBF3F46343E8
:10A6A000033323F0030343EAC44343F0C043C0F839
:10A6B000103B2B6803F00303012B0ED1D2F80838AE
:10A6C00002EB411013F4807FD0F8003B14BF43F03D
:10A6D000805343F00053C0F8003B02EB4112D2F824
:10A6E000003B43F00443C2F8003B30BD2DE9F0418C
:10A6F000D0F8906005460C4606EB4113D3F8087B72
:10A700003A07C3F8087B08D5D6F814381B0704D5D8
:10A7100000EB8103DB685B689847FA071FD5D6F822
:10A720001438DB071BD505EB8403D968CCB98B69DA
:10A73000488A5A68B2FBF0F600FB16228AB91868FC
:10A74000DA6890420DD2121AC3E90024302383F351
:10A75000118821462846FFF78BFF84F31188BDE856
:10A76000F081012303FA04F26B8923EA02036B816F
:10A77000CB68002BF3D021462846BDE8F0411847AE
:10A7800000EB81034A0170B5DD68D0F890306C6948
:10A790002668E66056BB1A444FF40020C2F8100940
:10A7A0002A6802F00302012A0AB20ED1D3F808087F
:10A7B00003EB421410F4807FD4F8000914BF40F07A
:10A7C000805040F00050C4F8000903EB4212D2F868
:10A7D000000940F00440C2F800090122D3F834080F
:10A7E00002FA01F10143C3F8341870BD19B9402EC3
:10A7F00084BF4020206020681A442E8A8419013CBE
:10A80000B4FBF6F440EAC44040F00050C6E7000054
:10A810002DE9F843D0F8906005460C464F0106EB51
:10A820004113D3F8088918F0010FC3F808891CD028
:10A83000D6F81038DB0718D500EB8103D3F80CC02D
:10A84000DCF81430D3F800E0DA68964530D2A2EB99
:10A850000E024FF000091A60C3F80490302383F30E
:10A860001188FFF78DFF89F3118818F0800F1DD034
:10A87000D6F834380126A640334217D005EB8403BE
:10A880000134D5F89050D3F80CC0E4B22F44DCF872
:10A89000142005EB0434D2F800E05168714514D35C
:10A8A000D5F8343823EA0606C5F83468BDE8F883DD
:10A8B000012303FA01F2038923EA02030381DCF88E
:10A8C0000830002BD1D09847CFE7AEEB0103BCF89E
:10A8D0001000834228BF0346D7F8180980B2B3EBB3
:10A8E000800FE3D89068A0F1040959F8048FC4F8E8
:10A8F0000080A0EB09089844B8F1040FF5D818447B
:10A900000B4490605360C8E72DE9F84FD0F89050A1
:10A9100004466E69AB691E4016F480586E6103D020
:10A92000BDE8F84FFDF7C4BF002E12DAD5F8003E9F
:10A930009B0705D0D5F8003E23F00303C5F8003E81
:10A94000D5F80438204623F00103C5F80438FDF794
:10A95000DDFF370505D52046FFF772FC2046FDF7E1
:10A96000C3FFB0040CD5D5F8083813F0060FEB6818
:10A9700023F470530CBF43F4105343F4A053EB6023
:10A9800031071BD56368DB681BB9AB6923F008038B
:10A99000AB612378052B0CD1D5F8003E9A0705D082
:10A9A000D5F8003E23F00303C5F8003E2046FDF72E
:10A9B000ADFF6368DB680BB120469847F30200F1F6
:10A9C000BA80B70226D5D4F8909000274FF0010A3C
:10A9D00009EB4712D2F8003B03F44023B3F5802F74
:10A9E00011D1D2F8003B002B0DDA62890AFA07F385
:10A9F00022EA0303638104EB8703DB68DB6813B19E
:10AA00003946204698470137D4F89430FFB29B6806
:10AA10009F42DDD9F00619D5D4F89000026AC2F33E
:10AA20000A1702F00F0302F4F012B2F5802F00F0C3
:10AA3000CA80B2F5402F09D104EB8303002200F550
:10AA40008050DB681B6A974240F0B0803003D5F835
:10AA5000185835D5E90303D500212046FFF746FEF7
:10AA6000AA0303D501212046FFF740FE6B0303D55F
:10AA700002212046FFF73AFE2F0303D5032120468B
:10AA8000FFF734FEE80203D504212046FFF72EFE2F
:10AA9000A90203D505212046FFF728FE6A0203D547
:10AAA00006212046FFF722FE2B0203D50721204670
:10AAB000FFF71CFEEF0103D508212046FFF716FE25
:10AAC000700340F1A780E90703D500212046FFF776
:10AAD0009FFEAA0703D501212046FFF799FE6B07C9
:10AAE00003D502212046FFF793FE2F0703D503214C
:10AAF0002046FFF78DFEEE0603D504212046FFF722
:10AB000087FEA80603D505212046FFF781FE6906CA
:10AB100003D506212046FFF77BFE2A0603D5072131
:10AB20002046FFF775FEEB0574D520460821BDE8E9
:10AB3000F84FFFF76DBED4F890904FF0000B4FF038
:10AB4000010AD4F894305FFA8BF79B689F423FF676
:10AB500038AF09EB4713D3F8002902F44022B2F5CD
:10AB6000802F20D1D3F80029002A1CDAD3F800293D
:10AB700042F09042C3F80029D3F80029002AFBDBF9
:10AB80003946D4F89000FFF787FB22890AFA07F3C9
:10AB900022EA0303238104EB8703DB689B6813B17C
:10ABA0003946204698470BF1010BCAE7910701D1BE
:10ABB000D0F80080072A02F101029CBF03F8018B44
:10ABC0004FEA18283FE704EB830300F58050DA686A
:10ABD000D2F818C0DCF80820DCE9001CA1EB0C0C52
:10ABE00000218F4208D1DB689B699A683A449A60D9
:10ABF0005A683A445A6029E711F0030F01D1D0F89E
:10AC000000808C4501F1010184BF02F8018B4FEAFD
:10AC10001828E6E7BDE8F88F08B50348FFF774FE8B
:10AC2000BDE80840FFF744BA3C65002008B503487A
:10AC3000FFF76AFEBDE80840FFF73ABAD865002082
:10AC4000D0F8903003EB4111D1F8003B43F40013EE
:10AC5000C1F8003B70470000D0F8903003EB411181
:10AC6000D1F8003943F40013C1F8003970470000EF
:10AC7000D0F8903003EB4111D1F8003B23F40013DE
:10AC8000C1F8003B70470000D0F8903003EB411151
:10AC9000D1F8003923F40013C1F8003970470000DF
:10ACA000064BD3F8DC200243C3F8DC20D3F80421A0
:10ACB0001043C3F80401D3F804317047004402582C
:10ACC00008B53C4B4FF0FF31D3F8802062F00042D2
:10ACD000C3F88020D3F8802002F00042C3F880201F
:10ACE000D3F88020D3F88420C3F88410D3F88420CC
:10ACF0000022C3F88420D3F88400D86F40F0FF40CE
:10AD000040F4FF0040F4DF4040F07F00D867D86F88
:10AD100020F0FF4020F4FF0020F4DF4020F07F000F
:10AD2000D867D86FD3F888006FEA40506FEA505068
:10AD3000C3F88800D3F88800C0F30A00C3F888007D
:10AD4000D3F88800D3F89000C3F89010D3F890009F
:10AD5000C3F89020D3F89000D3F89400C3F894106F
:10AD6000D3F89400C3F89420D3F89400D3F8980053
:10AD7000C3F89810D3F89800C3F89820D3F8980037
:10AD8000D3F88C00C3F88C10D3F88C00C3F88C2057
:10AD9000D3F88C00D3F89C00C3F89C10D3F89C1017
:10ADA000C3F89C20D3F89C30FCF7FAF9BDE80840C2
:10ADB00000F0FCB80044025808B50122534BC3F818
:10ADC0000821534BD3F8F42042F00202C3F8F420D8
:10ADD000D3F81C2142F00202C3F81C210222D3F84E
:10ADE0001C314C4BDA605A689104FCD54A4A1A600F
:10ADF00001229A60494ADA6000221A614FF4404207
:10AE00009A61444B9A699204FCD51A6842F48072A4
:10AE10001A603F4B1A6F12F4407F04D04FF4803217
:10AE20001A6700221A671A6842F001021A60384B4A
:10AE30001A685007FCD500221A611A6912F038020C
:10AE4000FBD1012119604FF0804159605A67344AA3
:10AE5000DA62344A1A611A6842F480321A602C4B62
:10AE60001A689103FCD51A6842F480521A601A6875
:10AE70009204FCD52C4A2D499A6200225A63196328
:10AE800001F57C01DA6301F5E77199635A64284A98
:10AE90001A64284ADA621A6842F0A8521A601C4BF7
:10AEA0001A6802F02852B2F1285FF9D148229A615B
:10AEB0004FF48862DA6140221A621F4ADA641F4A3C
:10AEC0001A651F4A5A651F4A9A6532231E4A136043
:10AED000136803F00F03022BFAD10D4A136943F0F4
:10AEE00003031361136903F03803182BFAD14FF0F1
:10AEF0000050FFF7D5FE4FF08040FFF7D1FE4FF036
:10AF00000040BDE80840FFF7CBBE00BF0080005105
:10AF1000004402580048025800C000F0020000013E
:10AF20000000FF01008890083220600063020901E0
:10AF3000470E0508DD0BBF012000002000000110B6
:10AF40000910E000000101100020005208B503487C
:10AF5000FCF7F8FCBDE80840FFF7AAB8C8360020A7
:10AF600008B50348FCF7F2FDBDE80840FFF7A0B8BC
:10AF70002039002008B50348FCF7E8FDBDE808408B
:10AF8000FFF796B88C39002008B50348FCF7DEFDC2
:10AF9000BDE80840FFF78CB8F839002008B500F08C
:10AFA00095FCBDE80840FFF783B8000008B509210B
:10AFB0007A20FCF751FE09213120FCF74DFE0721D4
:10AFC0003220FCF749FE0C212620FCF745FE0C211F
:10AFD0002720FCF741FE0C215220BDE80840FCF779
:10AFE0003BBE000008B5FFF76BFE00F043FCFDF729
:10AFF00013FAFDF7B1F9FDF7E9FBFDF7BBFAFEF730
:10B000008DFABDE8084000F029BA000030B50433DD
:10B01000039C0172002104FB0325C160C0E90653B3
:10B02000049B0363059BC0E90000C0E90422C0E95A
:10B030000842C0E90A11436330BD00000022416AA2
:10B04000C260C0E90411C0E90A226FF00101FDF7F6
:10B05000DBBF0000D0E90432934201D1C2680AB9D3
:10B06000181D704700207047036919600021C268ED
:10B070000132C260C269134482699342036124BFF2
:10B08000436A0361FDF7B4BF38B504460D46E36873
:10B090003BB162690020131D1268A3621344E3628E
:10B0A00007E0237A33B929462046FDF791FF0028AF
:10B0B000EDDA38BD6FF00100FBE70000C368C2693C
:10B0C000013BC3604369134482699342436124BFD7
:10B0D000436A436100238362036B03B118477047DF
:10B0E00070B53023044683F31188866A3EB9FFF7B2
:10B0F000CBFF054618B186F31188284670BDA36AB8
:10B10000E26A13F8015B9342A36202D32046FFF781
:10B11000D5FF002383F31188EFE700002DE9F84FF6
:10B1200004460E46174698464FF0300989F31188B9
:10B130000025AA46D4F828B0BBF1000F09D141463A
:10B140002046FFF7A1FF20B18BF311882846BDE808
:10B15000F88FD4E90A12A7EB050B521A934528BFC2
:10B160009346BBF1400F1BD9334601F1400251F821
:10B17000040B914243F8040BF9D1A36A40364035E1
:10B180004033A362D4E90A239A4202D32046FFF750
:10B1900095FF8AF31188BD42D8D289F31188C9E797
:10B1A00030465A46F6F762FEA36A5E445D445B444D
:10B1B000A362E7E710B5029C0433017203FB04218C
:10B1C000C460C0E906130023C0E90A33039B03638C
:10B1D000049BC0E90000C0E90422C0E908424363BF
:10B1E00010BD0000026A6FF00101C260426AC0E94E
:10B1F00004220022C0E90A22FDF706BFD0E9042399
:10B200009A4201D1C26822B9184650F8043B0B603B
:10B21000704700231846FAE7C3680021C26901336A
:10B22000C3604369134482699342436124BF436A04
:10B230004361FDF7DDBE000038B504460D46E36806
:10B240003BB1236900201A1DA262E2691344E36244
:10B2500007E0237A33B929462046FDF7B9FE0028D6
:10B26000EDDA38BD6FF00100FBE7000003691960FB
:10B27000C268013AC260C2691344826993420361A1
:10B2800024BF436A036100238362036B03B1184741
:10B290007047000070B530230D460446114683F315
:10B2A0001188866A2EB9FFF7C7FF10B186F311889F
:10B2B00070BDA36A1D70A36AE26A01339342A36260
:10B2C00004D3E16920460439FFF7D0FF002080F362
:10B2D0001188EDE72DE9F84F04460D469046994652
:10B2E0004FF0300A8AF311880026B346A76A4FB997
:10B2F00049462046FFF7A0FF20B187F3118830466A
:10B30000BDE8F88FD4E90A073A1AA8EB0607974276
:10B3100028BF1746402F1BD905F1400355F8042BD1
:10B320009D4240F8042BF9D1A36A40364033A36212
:10B33000D4E90A239A4204D3E16920460439FFF78D
:10B3400095FF8BF311884645D9D28AF31188CDE752
:10B3500029463A46F6F78AFDA36A3D443E443B44FB
:10B36000A362E5E7D0E904239A4217D1C3689BB1F1
:10B37000836A8BB1043B9B1A0ED01360C368013BF8
:10B38000C360C3691A4483699A42026124BF436A55
:10B390000361002383620123184670470023FBE703
:10B3A00001F01F03F0B502F01F0456095A1C0123D7
:10B3B000B6EB511F50F8265003FA02F34FEA51172B
:10B3C00003F1FF333DBF50F82720C4F120001340A4
:10B3D00003EA05003BBF03FA00F225FA04F0E0405F
:10B3E0001043F0BD70B57E227F210546FFF7D8FFE0
:10B3F00018B1012819D0002070BD3E2249212846ED
:10B40000FFF7CEFF2F22044631212846FFF7C8FF61
:10B41000064601345022023653212846B440FFF735
:10B42000BFFF093804FA00F0E6E73022452128463C
:10B43000FFF7B6FF01308002DEE7000090F8D6305B
:10B4400090F8D7201B0403EB026390F8D42090F807
:10B45000D500134403EB00207047000000F00CBA45
:10B46000014B586A704700BF000C0040034B00229C
:10B4700058631A610222DA60704700BF000C004076
:10B48000014B0022DA607047000C0040014B58630A
:10B49000704700BF000C0040024B034A1A60034A89
:10B4A0005A6070478C660020B866002000000220B9
:10B4B000074B494210B55C68201A08401968821A87
:10B4C0008A4203D3A24201D85A6010BD0020FCE793
:10B4D0008C66002008B5302383F31188FFF7E8FF5E
:10B4E000002383F3118808BD0448054B0360002343
:10B4F000C0E901330C3000F017B900BF946600209A
:10B50000D5B40008CB1D083A23F00703591A521A84
:10B5100010B4D2080024C0E9004384600C301C60E1
:10B520005A605DF8044B00F0FFB800002DE9F74FBA
:10B53000364FCD1D8846002818BF0746082A4FEA17
:10B54000D50538BF082207F10C003C1D914601903B
:10B5500000F02CF9019809F10701C9F1000E22460B
:10B56000246864B900F02CF93B68CBB30822494643
:10B57000E8009847044698B340E9027830E004EBCD
:10B58000010CD4F804A00CEA0E0C0AF10106ACF18F
:10B59000080304EBC6069E42E1D9A6EB0C0CB5EB02
:10B5A000EC0F4FEAEC0BDAD89C421DD204F10802F2
:10B5B000AB45A3EB02024FEAE202626009D9691CC3
:10B5C000ED4303EBC1025D445560256843F83150FB
:10B5D00022601C46C3F8048044F8087B00F0F0F8B1
:10B5E000204603B0BDE8F08FAA45216802D1116062
:10B5F0002346EEE7013504EBC50344F8351003F1AB
:10B600000801761AF6105E601360F1E79466002078
:10B6100073B50446A0F1080550F8080C54F8043C32
:10B62000061D0C3007330190DB0844F8043C00F0A1
:10B63000BDF8334601989E421A6801D0AB4228D229
:10B640000AB1954225D244F8082C54F8042C1D6008
:10B65000013254F8081C05EBC206B14206D14E680F
:10B66000324444F8042C0A6844F8082C5E68711CC3
:10B6700003EBC1018D4207D154F8042C013232444E
:10B680005A6054F8082C1A6002B0BDE8704000F00F
:10B6900097B81346CFE70000FEE7000070B51E4BD9
:10B6A0000025044686B058600E4605638163FEF7A8
:10B6B000D7FC04F12803A5606563C4E90A3304F1EB
:10B6C0001003C4E904334FF0FF33C4E90044C4E974
:10B6D0000635FFF7C5FE2B46024604F13C01204625
:10B6E000C4E9082380230D4A6567FDF7EBFB736807
:10B6F000E0600B4A03620123009280F82430684620
:10B70000F26801923269CDE90223064BCDE9043596
:10B71000FDF70CFC06B070BD10490020C8C9000838
:10B72000C0C9000899B600080023C0E90000836082
:10B730000361704770B51C4B05468468DE685CB3D6
:10B74000B44213D103690133036170BDA36094F85F
:10B75000243083B1062B15D1A06A2146D4E90032EA
:10B7600013605A60FDF70AFBA36A9C68B368A2687D
:10B770009A42EBD306E0D4E90032204613605A60C7
:10B78000FDF70CFB28463146FDF7F8FAB5620620B6
:10B79000BDE87040FDF704BB0369866001330361B7
:10B7A000336BC3603063D0E76846002008B53023B0
:10B7B00083F31188FFF7BEFF002383F3118808BDD0
:10B7C000194BD96883688B4210B520D1302383F39D
:10B7D00011880269013A0261B2B90468C368A042E3
:10B7E0000B631ED04A6B9BB901238A600361036817
:10B7F0001A68026050601A6B8360C2601863184652
:10B80000FDF7CCFAFDF72CFB002383F3118810BD64
:10B810001C68A34203D0A468A24238BF2246DB685A
:10B82000E1E78260F0E700BF68460020024A536B00
:10B8300018435063704700BF6846002038B5EFF3E7
:10B8400011859DB9EFF30584C4F30804302334B1A6
:10B8500083F31188FDF710FD85F3118838BD83F35C
:10B860001188FDF709FD84F3118838BDBDE8384023
:10B87000FDF702BD70470000114BD3F8E82042F0FD
:10B880000802C3F8E820D3F8102142F00802C3F8F8
:10B8900010210C4AD3F81031D36B43F00803D36363
:10B8A000C722094B9A624FF0FF32DA6200229A6196
:10B8B0005A63DA605A6001225A611A60704700BF09
:10B8C000004402580010005C000C0040094A08B512
:10B8D0001169D3680B40D9B29B076FEA010111616E
:10B8E00007D5302383F31188FDF7E0FA002383F3B3
:10B8F000118808BD000C004010B501390244904287
:10B9000001D1002005E0037811F8014FA34201D0D6
:10B91000181B10BD0130F2E72DE9F041A3B1C91A9F
:10B9200017780144044603F1FF3C8C42204601D9BC
:10B93000002009E00578BD4204F10104F5D10CEBCB
:10B940000405D618A54201D1BDE8F08115F8018D96
:10B9500016F801EDF045F5D0E7E70000884210B594
:10B9600001EB020402D98442234607D8431EA142B8
:10B9700008D011F8012B03F8012FF8E70244014623
:10B980008A4200D110BD13F8014D02F8014DF7E7CE
:10B99000C9B2034610F8012B1AB18A42F9D11846F0
:10B9A0007047002918BF0023F9E70000034611F88B
:10B9B000012B03F8012B002AF9D1704710B501398A
:10B9C000034632B111F8014F03F8014B013A002C44
:10B9D000F7D11A440021934200D110BD03F8011B96
:10B9E000F9E7000064623539326432353333326549
:10B9F00062386132000000001210000012110000D5
:10BA0000121300004D4435002D2D0A002F61726481
:10BA10007570696C6F742E6162696E002F6172645B
:10BA20007570696C6F742D7665726966792E6162C6
:10BA3000696E002F6172647570696C6F742D666C2D
:10BA40006173682E6162696E002F6172647570693E
:10BA50006C6F742D666C61736865642E6162696ECB
:10BA60000000000000000000000000008510000839
:10BA700021110008D11200085911000819110008FD
:10BA80000000000000000000811000082D110008D7
:10BA9000091300087D1000088910000853544D3325
:10BAA0003248373F3F3F0053544D333248373378A5
:10BAB0002F3732780053544D3332483734332F37D1
:10BAC00035332F373530000001105A00031059006C
:10BAD000012058000320560041A3E5F26569920752
:10BAE0000040A2E4F164689106000000E5760000E1
:10BAF00000000000EDD3F55C1A631258D69CF7A243
:10BB0000DEF9DE140000000000000000000000006C
:10BB100000000010B67859FF8572D300BD6E15FF86
:10BB20000F0A6A0029C0010098E879FFBC3CA0FF19
:10BB30009971CEFF00B7E2FEB40D48FF59F1B2FE95
:10BB40000AE5A6FF7BDD2AFE1E14D4005280030006
:10BB500030D1F300777940FF32E39CFF006EC501DE
:10BB6000671B900008C9BCF367E6096A3BA7CA8453
:10BB700085AE67BB2BF894FE72F36E3CF1361D5F09
:10BB80003AF54FA5D182E6AD7F520E511F6C3E2B88
:10BB90008C68059B6BBD41FBABD9831F79217E135C
:10BBA00019CDE05BB0A00EFED3C986FF9E188F00B2
:10BBB0007F693500600CBD00A7D7FBFF9F4C80FE5E
:10BBC0006A65E1FF1EFC0400920CAE00853B8C010F
:10BBD000BDF124FFF825C30160DC3700B74C3EFF00
:10BBE000C3423D00324CA401E1A44CFF4C3DA3FFF5
:10BBF000753E1F00519140FF76410E00A273D6FFA3
:10BC0000068A2E007CE6F4FF0A8A8F00341AC200EE
:10BC1000B8F44C00818F2901BEF413FF7BAA7AFF90
:10BC20006281440079D5930056651EFFA1679B0091
:10BC30008C5943FFEFE5BE01430BB500C6F089FE0A
:10BC4000EE45BCFF4397EE00132A6CFFE5557101EA
:10BC5000324487FF116A0900326701FF5001A801D1
:10BC600023981EFF10A8B9013859E8FF65D2FC00DF
:10BC700029FA4700CCAA4FFF0E2EEFFF504DEF00E0
:10BC8000BDD64BFF118DF90026504CFFBE557500F7
:10BC900056E4AA009CD8D001C3CFA4FF96424CFF23
:10BCA000AFE110FF8D5062014CDBF200C6A27200C2
:10BCB0002EDA98009B2BF1FE9BA068FF33BBA500FA
:10BCC0000211AF004254A001F73A1E00234135FE95
:10BCD00045ECBF002D86F501A37BDD00206E14FF2F
:10BCE0003417A500BAD64700E9B06000F2EF36017C
:10BCF00039598A00530054FF88A064005C8E78FE96
:10BD0000687CBE00B5B13EFFFA29550098822A0131
:10BD100060FCF60097973FFEEF853E0020389C00C0
:10BD20002DA7BDFF8E85B3018356D300BBB396FE0E
:10BD3000FAAA0EFFD2A34E0025349700634D1A00D5
:10BD4000EE9CD5FFD5C0D101492E540014412901E4
:10BD500036CE4F00C98392FEAA6F18FFB12132FE82
:10BD6000AB26CBFF4EF77400D1DD99008580B20180
:10BD70003A2C1900C9273B01BD13FC0031E5D20163
:10BD800075BB7500B5B3B8010072DB00305E93007F
:10BD9000F52938007D0DCCFEF4AD77002CDD20FEBA
:10BDA00054EA1400F9A0C601EC7EEAFF2F63A8FE56
:10BDB000AAE299FF66B3D800E28D7AFF7A4299FE33
:10BDC000B6F58600E3E41901D639EBFFD8AD38FFAC
:10BDD000B5E7D20077809DFF815F88FF6E7E3300DC
:10BDE00002A9B7FF078262FE45B05EFF7404E3015B
:10BDF000D9F291FFCAAD1F01690127FF2EAF45009F
:10BE0000E42F3AFFD7E045FECF3845FF10FE8BFF09
:10BE100017CFD4FFCA147EFF5FD560FF09B02100A1
:10BE2000C805CFFFF12A80FE2321C0FFF8E5C40139
:10BE300081117800FB6797FF073470FF8C3842FF51
:10BE400028E2F5FFD94625FEACD609FF4843860116
:10BE500092C0D6FF2C26700044B84BFFCE5AFB0090
:10BE600095EB8D00B5AA3A0074F4EF005C9D0200DA
:10BE700066AD6200E98960017F31CB00059B9400CB
:10BE8000179409FFD37A0C0022861AFFDBCC8800B6
:10BE9000860829FFE0532BFE5519F7006D7F00FE41
:10BEA000A9883000EE77DBFFE7ADD500CE12FEFEAD
:10BEB00008BA07FF7E0907016F2A48006F34ECFEBD
:10BEC000603F8D0093BF7FFECD4EC0FF0E6AED0137
:10BED000BBDB4C00AFF3BBFE6959AD0055195901EE
:10BEE000A2F394000276D1FE219E09008BA32EFFBF
:10BEF0005D4628006C2A8EFE6FFC8EFF9BDF900053
:10BF000033E5A7FF49FC9BFF5E740CFF98A0DAFFA6
:10BF10009CEE25FFB3EACFFFC500B3FF9AA48D00C6
:10BF2000E1C468000A2319FED1D4F2FF61FDDEFEF0
:10BF3000B865E500DE127F01A48887FF1ECF8CFE66
:10BF40009261F30081C01AFEC95421FF6F0A4EFFAF
:10BF50009351B2FF04041800A1EED7FF068D210013
:10BF600035D70EFF29B5D0FFE78B9D00B3CBDDFFA2
:10BF7000FFB97100BDE2ACFF7142D6FFCA3E2DFF92
:10BF8000664008FF4EAE10FE857544FF00010203B7
:10BF90000405060708090A0B0C0D0E0F0E0A04080B
:10BFA000090F0D06010C00020B0705030B080C001E
:10BFB00005020F0D0A0E0306070109040709030114
:10BFC0000D0C0B0E0206050A04000F0809000507F8
:10BFD00002040A0F0E010B0C0608030D020C060AE0
:10BFE000000B0803040D07050F0E01090C05010FD6
:10BFF0000E0D040A000706030902080B0D0B070EBD
:10C000000C01030905000F040806020A060F0E09B9
:10C010000B0300080C020D0701040A050A020804BC
:10C02000070601050F0B090E030C0D0000010203AA
:10C030000405060708090A0B0C0D0E0F0E0A04086A
:10C04000090F0D06010C00020B0705031B132C0A38
:10C05000A3E59CEDA72963085D210621EBFFFFFF07
:10C06000FFFFFFFFFFFFFFFFFFFFFFFF0F000000CD
:10C070006945000815440008954400083D4500083E
:10C08000600100002F0000005375636365737366E1
:10C09000756C6C79206D6F756E74656420534443C4
:10C0A0006172642028736C6F77646F776E3D2575BD
:10C0B000290A0000EB769045584641542020200084
:10C0C0004641543332202020000000002A3A3C3EF2
:10C0D0007C223F7F002B2C3B3D5B5D00435545415F
:10C0E0004141414345454549494941414592924F66
:10C0F0004F4F5555594F554F9C4F9E9F41494F5556
:10C10000A5A5A6A7A8A9AAABACADAEAFB0B1B2B376
:10C11000B4414141B8B9BABBBCBDBEBFC0C1C2C3C6
:10C12000C4C54141C8C9CACBCCCDCECFD1D145457C
:10C130004549494949D9DADBDCDD49DF4FE14F4F59
:10C140004F4FE6E8E85555555959EEEFF0F1F2F347
:10C15000F4F5F6F7F8F9FAFBFCFDFEFF010305071D
:10C16000090E10121416181C1E00000061001A039C
:10C17000E0001703F8000703FF0001007801000149
:10C18000300132010601390110014A012E01790105
:10C19000060180014D004302810182018201840178
:10C1A000840186018701870189018A018B018B0146
:10C1B0008D018E018F0190019101910193019401F4
:10C1C000F60196019701980198013D029B019C019F
:10C1D0009D0120029F01A001A001A201A201A401D2
:10C1E000A401A601A701A701A901AA01AB01AC0105
:10C1F000AC01AE01AF01AF01B101B201B301B301B6
:10C20000B501B501B701B801B801BA01BB01BC0164
:10C21000BC01BE01F701C001C101C201C301C401DB
:10C22000C501C401C701C801C701CA01CB01CA01C8
:10C23000CD011001DD0101008E01DE011201F301CB
:10C240000300F101F401F401F801280122021201B6
:10C250003A020900652C3B023B023D02662C3F027C
:10C2600040024102410246020A015302400081019C
:10C270008601550289018A0158028F015A029001F4
:10C280005C025D025E025F02930161026202940140
:10C290006402650266026702970196016A02622CD7
:10C2A0006C026D026E029C01700271029D017302AC
:10C2B00074029F0176027702780279027A027B0289
:10C2C0007C02642C7E027F02A60181028202A90107
:10C2D0008402850286028702AE014402B101B201E6
:10C2E00045028D028E028F0290029102B7017B03FC
:10C2F0000300FD03FE03FF03AC0304008603880371
:10C3000089038A03B1031103C2030200A303A30339
:10C31000C4030803CC0303008C038E038F03D803EC
:10C320001801F2030A00F903F303F403F503F6031B
:10C33000F703F703F903FA03FA0330042003500468
:10C340001007600422018A043601C1040E01CF04E3
:10C350000100C004D004440161052604000000006F
:10C360007D1D0100632C001E9601A01E5A01001FB6
:10C370000806101F0606201F0806301F0806401F6B
:10C380000606511F0700591F521F5B1F541F5D1FD8
:10C39000561F5F1F601F0806701F0E00BA1FBB1FCD
:10C3A000C81FC91FCA1FCB1FDA1FDB1FF81FF91FC9
:10C3B000EA1FEB1FFA1FFB1F801F0806901F0806CD
:10C3C000A01F0806B01F0400B81FB91FB21FBC1F72
:10C3D000CC1F0100C31FD01F0206E01F0206E51F8D
:10C3E0000100EC1FF31F0100FC1F4E210100322150
:10C3F00070211002842101008321D0241A05302CE1
:10C400002F04602C0201672C0601752C0201802C80
:10C410006401002D260841FF1A030000C700FC003C
:10C42000E900E200E400E000E500E700EA00EB00DC
:10C43000E800EF00EE00EC00C400C500C900E60013
:10C44000C600F400F600F200FB00F900FF00D60081
:10C45000DC00F800A300D800D7009201E100ED0055
:10C46000F300FA00F100D100AA00BA00BF00AE004C
:10C47000AC00BD00BC00A100AB00BB009125922523
:10C48000932502252425C100C200C000A900632510
:10C49000512557255D25A200A5001025142534251A
:10C4A0002C251C2500253C25E300C3005A255425D6
:10C4B00069256625602550256C25A400F000D00074
:10C4C000CA00CB00C8003101CD00CE00CF00182536
:10C4D0000C2588258425A600CC008025D300DF000C
:10C4E000D400D200F500D500B500FE00DE00DA0071
:10C4F000DB00D900FD00DD00AF00B400AD00B100ED
:10C500001720BE00B600A700F700B800B000A800D2
:10C51000B700B900B300B200A025A000100002408F
:10C52000080002400008024000000B002800024002
:10C53000080002400408024006010C0040000240CE
:10C54000080002400808024010020D005800024096
:10C55000080002400C08024016030E007000024062
:10C560000C0002401008024000040F008800024046
:10C570000C0002401408024006051000A000024012
:10C580000C0002401808024010061100B8000240DA
:10C590000C0002401C08024016072F001004024045
:10C5A0000804024020080240000838002804024025
:10C5B00008040240240802400609390040040240F1
:10C5C0000804024028080240100A3A0058040240B9
:10C5D000080402402C080240160B3B007004024085
:10C5E0000C04024030080240000C3C008804024069
:10C5F0000C04024034080240060D4400A00402402E
:10C600000C04024038080240100E4500B8040240F5
:10C610000C0402403C080240160F460001000000D6
:10C620000000000000960000000000000000000074
:10C6300000000000000000000000000000000000FA
:10C640001595000819950008ED7F0008258300085E
:10C65000817F0008A97F0008D17F0008697F00085A
:10C6600000000000D9830008C58300080184000889
:10C67000ED830008F9830008E5830008D1830008F2
:10C68000BD8300080D84000800000000F18400084C
:10C69000DD8400081985000805850008118500085B
:10C6A000FD840008E9840008D58400082585000879
:10C6B00000000000010000000000000063300000E6
:10C6C000BCC600080000000000000000E04600209A
:10C6D000104900200000812A00000000AAAAAAAA8E
:10C6E00000000024FFFE00000000000000A00A007F
:10C6F0000001000000000000AAAAAAAA0000000091
:10C70000FFFF000000000000000000001400AA5617
:10C7100000000000AAAAAAAA14005554FFFF0000B6
:10C7200000000000CCCC0C0020681A0000000000C3
:10C73000AAAA8AAA10541500FFFF0000000C700777
:10C74000770000004081020100100000AAAAAAAAF6
:10C7500000410100F7FF000000000070070000002A
:10C760000000000000000000AAAAAAAA0000000021
:10C77000FFFF0000000000000000000000000000BB
:10C7800000000000AAAAAAAA00000000FFFF000003
:10C790000000000000000000000000000000000099
:10C7A000AAAAAAAA00000000FFFF000000000000E3
:10C7B000000000000000000000000000AAAAAAAAD1
:10C7C00000000000FFFF000000000000000000006B
:10C7D0000000000000000000AAAAAAAA00000000B1
:10C7E000FFFF00000000000000000000000000004B
:10C7F00000000000AAAAAAAA00000000FFFF000093
:10C8000000000000000000004865782F50726F663D
:10C8100069434E430025424F415244252D536563E1
:10C820007572652D424C2D763130002553455249A5
:10C83000414C2500020000000000000011870008A4
:10C840008187000840004000C0610020D0610020C6
:10C8500002000000000000000300000000000000D3
:10C86000C98700080000000010000000E0610020FF
:10C870000000000001000000000000003C650020F6
:10C88000010102001196000821950008BD950008DD
:10C89000A1950008430000009CC80008090243005D
:10C8A000020100C032090400000102020100052457
:10C8B00000100105240100010424020205240600E1
:10C8C00001070582030800FF09040100020A0000B5
:10C8D000000705010240000007058102400000003A
:10C8E00012000000E8C80008120110010200004018
:10C8F000AE2D16100002010203010000040309041A
:10C9000025424F4152442500437562654F72616E66
:10C910006765003031323334353637383941424378
:10C920004445460000000020000002000200000014
:10C930000000003000000400080000000000002497
:10C9400000000800040000000004000000FC0000DB
:10C950000200000000000430008000000800000019
:10C960000000003800000100010000001F1C1F1E15
:10C970001F1E1F1F1E1F1E1F1F1D1F1E1F1E1F1FCE
:10C980001E1F1E1F0000000025890008DD8B000807
:10C99000898C000840004000746600207466002006
:10C9A00001000000846600208000000040010000BB
:10C9B0000800000000010000001000000800000056
:10C9C00069646C65000000006D61696E002C0438BC
:10C9D000040438080C10141C202425260000000034
:10C9E000000064040100040000000000000C0010BE
:10C9F00028303400BC3BFF7F01000000FFFFFFFF39
:10CA00008C0000000000000000001E00000000007C
:10CA1000FF00000018490020203900208C39002038
:10CA2000F8390020000000009CBA000883040000D0
:10CA3000A7BA000850040000B5BA000801000000C1
:10CA400000000000009600000000080096000000B2
:10CA50000008000004000000FCC8000800000000FE
:10CA600000000000000000000000000000000000C6
:04CA700000000000C2
:00000001FF
