:020000040800F2
:1000000000060020290400082B0400082B04000827
:100010002B0400082B0400082B0400082B04000804
:100020002B0400082B0400082B04000839A000084A
:100030002B0400082B0400082B0400082B040008E4
:100040002B0400082B0400082B0400082B040008D4
:100050002B0400082B0400082B0400082B040008C4
:100060002B0400082B0400082B040008E16E000894
:10007000096F0008356F0008616F00088D6F000878
:10008000B56F0008E16F00082B0400082B0400087E
:100090002B0400082B0400082B0400082B04000884
:1000A0002B0400082B0400082B0400082B04000874
:1000B0002B0400082B0400082B0400082B04000864
:1000C0002B0400082B0400082B0400082B04000854
:1000D0002B0400082B04000835AF000849AF0008C6
:1000E0002B0400082B0400082B0400082B04000834
:1000F0002B0400082B0400082B0400080D700008D6
:100100002B04000821AF000871AF00082B04000881
:100110002B0400082B0400082B0400082B04000803
:1001200039700008617000088D700008B97000080F
:10013000E57000082B0400082B0400082B040008BD
:100140002B0400082B0400082B0400082B040008D3
:100150000D71000839710008657100082B04000852
:100160002B0400082B0400082B0400082B040008B3
:100170002B04000811AC00082B0400082B04000815
:100180002B0400082B0400085DAF00082B040008B6
:100190002B0400082B0400082B0400082B04000883
:1001A0002B0400082B0400082B0400082B04000873
:1001B0002B0400082B0400082B0400082B04000863
:1001C0002B0400082B0400082B0400082B04000853
:1001D0002B040008FDAB00082B0400082B040008CA
:1001E0002B0400082B0400082B0400082B04000833
:1001F0002B0400082B0400082B0400082B04000823
:100200002B0400082B0400082B0400082B04000812
:100210002B0400082B0400082B0400082B04000802
:100220002B0400082B0400082B0400082B040008F2
:100230002B0400082B0400082B0400082B040008E2
:100240002B0400082B0400082B0400082B040008D2
:100250002B0400082B0400082B0400082B040008C2
:100260002B0400082B0400082B0400082B040008B2
:100270002B0400082B0400082B0400082B040008A2
:100280002B0400082B0400082B0400082B04000892
:100290002B0400082B0400082B0400082B04000882
:1002A0002B0400082B0400082B0400082B04000872
:1002B0002B0400082B0400082B0400082B04000862
:1002C0002B0400082B0400082B0400082B04000852
:1002D0002B0400082B0400082B0400082B04000842
:1002E0004ECF4EA5A6B6F729B27347917F7A17D0A5
:1002F0003EFC84A9A4766B7358E33E8DE330D37E35
:100300008363D3A0A8564A005FC8DD56AC48214994
:1003100082B8C4A2F08853678D159175B481B45C1E
:10032000CF332D752821A8225896DBA5B8CECFFC57
:100330008C0772719EFAB24D4227090759712B64DE
:10034000034AA19F695D84F245C58EB4E983A8186C
:1003500036B988612D4D14E451B502894A950C894E
:10036000F4033F5EE2D656EE0000000000000000FD
:10037000000000000000000000000000000000007D
:10038000000000000000000000000000000000006D
:10039000000000000000000000000000000000005D
:1003A000000000000000000000000000000000004D
:1003B000000000000000000000000000000000003D
:1003C000000000000000000000000000000000002D
:1003D000000000000000000000000000000000001D
:1003E000000000000000000000000000000000000D
:1003F00000000000000000000000000000000000FD
:1004000000000000000000000000000000000000EC
:1004100000000000000000000000000000000000DC
:10042000000000000000000002E000F000F8FEE71D
:1004300072B6374880F30888364880F30988364812
:100440003649086040F20000CCF200004EF63471EC
:10045000CEF200010860BFF34F8FBFF36F8F40F201
:100460000000C0F2F0004EF68851CEF200010860A4
:10047000BFF34F8FBFF36F8F4FF00000E1EE100A14
:100480004EF63C71CEF200010860062080F314881D
:10049000BFF36F8F09F032FE08F068FF4FF0553060
:1004A0001F491B4A91423CBF41F8040BFAE71D4922
:1004B000184A91423CBF41F8040BFAE71A491B4A1B
:1004C0001B4B9A423EBF51F8040B42F8040BF8E76D
:1004D00000201849184A91423CBF41F8040BFAE742
:1004E00009F04AFE08F0C8FF144C154DAC4203DA7F
:1004F00054F8041B8847F9E700F0C4F9114C124D79
:10050000AC4203DA54F8041B8847F9E709F032BE1D
:1005100000060020002200200000000808ED00E096
:100520000000002000060020D0C9000800220020A2
:100530007422002078220020B4660020E002000827
:10054000E0020008E0020008E00200082DE9F04F98
:100550002DED108AC1F80CD0D0F80CD0BDEC108A6B
:10056000BDE8F08F002383F311882846A0470020C0
:1005700008F0DEFCFEE708F031FC00DFFEE70000DB
:1005800053B94AB9002908BF00281CBF4FF0FF31FA
:100590004FF0FF3000F074B9ADF1080C6DE904CEF6
:1005A00000F006F8DDF804E0DDE9022304B070474E
:1005B0002DE9F047089D04468E46002B4DD18A4216
:1005C000944669D9B2FA82F252B101FA02F3C2F149
:1005D000200120FA01F10CFA02FC41EA030E9440DA
:1005E0004FEA1C48210CBEFBF8F61FFA8CF708FBFB
:1005F00016E341EA034306FB07F199420AD91CEBD3
:10060000030306F1FF3080F01F81994240F21C8104
:10061000023E63445B1AA4B2B3FBF8F008FB10334C
:1006200044EA034400FB07F7A7420AD91CEB040481
:1006300000F1FF3380F00A81A74240F20781644451
:10064000023840EA0640E41B00261DB1D4400023D6
:10065000C5E900433146BDE8F0878B4209D9002D3A
:1006600000F0EF800026C5E9000130463146BDE8C4
:10067000F087B3FA83F6002E4AD18B4202D382422E
:1006800000F2F980841A61EB030301209E46002DDD
:10069000E0D0C5E9004EDDE702B9FFDEB2FA82F232
:1006A000002A40F09280A1EB0C014FEA1C471FFA90
:1006B0008CFE0126200CB1FBF7F307FB131140EA77
:1006C00001410EFB03F0884208D91CEB010103F144
:1006D000FF3802D2884200F2CB804346091AA4B206
:1006E000B1FBF7F007FB101144EA01440EFB00FEDA
:1006F000A64508D91CEB040400F1FF3102D2A6453F
:1007000000F2BB800846A4EB0E0440EA03409CE7DD
:10071000C6F12007B34022FA07FC4CEA030C20FA8A
:1007200007F401FA06F31C43F9404FEA1C4900FAAA
:1007300006F3B1FBF9F8200C1FFA8CFE09FB181127
:1007400040EA014108FB0EF0884202FA06F20BD99A
:100750001CEB010108F1FF3A80F08880884240F2EA
:100760008580A8F102086144091AA4B2B1FBF9F02E
:1007700009FB101144EA014100FB0EFE8E4508D929
:100780001CEB010100F1FF346CD28E456AD90238AE
:10079000614440EA0840A0FB0294A1EB0E01A14293
:1007A000C846A64656D353D05DB1B3EB080261EB01
:1007B0000E0101FA07F722FA06F3F1401F43C5E9DB
:1007C000007100263146BDE8F087C2F12003D84011
:1007D0000CFA02FC21FA03F3914001434FEA1C4753
:1007E0001FFA8CFEB3FBF7F007FB10360B0C43EA45
:1007F000064300FB0EF69E4204FA02F408D91CEBF5
:10080000030300F1FF382FD29E422DD902386344F2
:100810009B1B89B2B3FBF7F607FB163341EA034192
:1008200006FB0EF38B4208D91CEB010106F1FF38E1
:1008300016D28B4214D9023E6144C91A46EA0046D8
:1008400038E72E46284605E70646E3E61846F8E66A
:100850004B45A9D2B9EB020864EB0C0E0138A3E7B3
:100860004646EAE7204694E74046D1E7D0467BE794
:10087000023B614432E7304609E76444023842E70C
:10088000704700BF38B501F00FFA01F0BFFB09F067
:100890008BFA054609F0C2FB044610BB134B9D4280
:1008A00021D001339D4241F2883504BF0124002547
:1008B00001F0BEFC20B10025032000F067F82C46B3
:1008C000002009F07BFA0CB100F076F801F03EFB55
:1008D00000F02EFD08B100F06FF8284600F01AF97C
:1008E000F9E70025E4E70546E2E700BF010007B0AD
:1008F00008B501F0A5F9A0F120035842584108BD00
:1009000007B5042101900DEB010001F0B7F903B028
:100910005DF804FB38B5302383F31188174803686A
:100920000BB108F0E9FB0023154A4FF47A71134824
:1009300008F0D8FB002383F31188124C236813B10D
:100940002368013B2360636813B16368013B636004
:100950000D4D2B7833B963687BB9022001F060FA42
:10096000322363602B78032B07D163682BB90220F5
:1009700001F056FA4FF47A73636038BD7822002094
:10098000150900089823002090220020084B1870B9
:1009900003280CD8DFE800F008050208022001F067
:1009A00035BA022001F028BA024B00225A60704783
:1009B0009022002098230020F8B501F039FC30B1D6
:1009C0004B4B03221A7000224A4B5A60F8BD4A4B27
:1009D0004A4A1C4619680131F8D004339342F9D1D0
:1009E0006268474B9A42F1D9464B9B6803F100631A
:1009F00003F500339A42E9D2002001F06FF902209A
:100A0000FFF7C4FF404B00219A6C99641A6F196775
:100A10001A6FDA6CD9645A6F59675A6F1A6D196573
:100A20009A6F99679B6F394BD3F8802042F0006230
:100A3000C3F88020D3F8802022F00062C3F8802021
:100A4000D3F88020D3F8802042F00072C3F88020D1
:100A5000D3F8802022F00072C3F88020D3F88030D1
:100A600072B64FF0E023C3F8084DD4E90004BFF399
:100A70004F8FBFF36F8F264AC2F88410BFF34F8F9A
:100A8000536923F480335361BFF34F8FD2F8803022
:100A900043F6E076C3F3C905C3F34E335B0103EAC3
:100AA000060C29464CEA81770139C2F87472F9D2F2
:100AB000203B13F1200FF2D1BFF34F8FBFF36F8FA5
:100AC000BFF34F8FBFF36F8F536923F4003353612C
:100AD0000023C2F85032BFF34F8FBFF36F8F302324
:100AE00083F31188854680F3088820476EE700BFAE
:100AF0009022002098230020000002082000020815
:100B0000FFFF01080022002000450258004402585F
:100B100000ED00E02DE9F04F95B0DFF8D8922022EB
:100B2000FF21029004A8D9F8085001F0B9F9A84AA9
:100B30001378A3B90121A74811700360302383F310
:100B4000118803680BB108F0D7FA0023A24A4FF4CA
:100B50007A71A04808F0C6FA002383F31188029B3B
:100B600013B19E4B029A1A609D4A1378032B03D04F
:100B700000231370994A53604FF0000B029C5E46AD
:100B8000DA46CDF804B0012001F040F924B1934BCE
:100B90001B68002B00F02882002001F051F8B0F112
:100BA0000008F3DB012001F027F9A8F121031F2B36
:100BB000E9D801A252F823F0390C0008550C0008BE
:100BC000E30C0008870B0008870B0008870B000860
:100BD0006D0D00085F0F0008510E0008AD0E0008F3
:100BE000D30E0008F90E0008870B00080B0F000851
:100BF0002F0F0008A70F0008C10C0008870B000882
:100C0000EF0F0008450C0008C10C0008870B000816
:100C1000AD0E0008870B0008870B0008870B000843
:100C2000870B0008870B0008870B0008870B00085C
:100C3000870B0008E30C00080220FFF759FE00288C
:100C400040F0FF81029B02216648BBF1000F08BF04
:100C50001C4640E04FF47A7000F0F2FF071EF1DB13
:100C60000220FFF745FE0028ECD0013F052F00F2DF
:100C7000EA81DFE807F003070A0D10330520FFF7CC
:100C80003FFE14E0D9F80000F9E7D9F80400F6E7D0
:100C9000D9F80800F3E74FF01C08404608F10408B3
:100CA00001F01EF8FFF72CFEB8F12C0FF5D1012052
:100CB000019B4FF0000A00FA07F71F43FBB20193B4
:100CC00001F03AF92EB1019B03F00B030B2B08BF87
:100CD00000240221444800F0D1FF54E7D9F80C0069
:100CE000CDE7002EAED0019B03F00B030B2BA9D157
:100CF0000220FFF7FDFD07460028A3D001200026B3
:100D000000F0ECFF0220FFF741FE1FFA86FB584679
:100D100000F0F4FF044688B1A8F1400258460136BD
:100D20005142514100F0FAFF0028EED1BB46044683
:100D300002212E483E4600F0A1FF24E7254601206F
:100D4000FFF724FED9F80830AB4207D9284600F057
:100D5000C7FF013040F07A810435F3E70025204BCE
:100D6000BB463E461D701D4B5D60A9E7002E3FF45B
:100D700069AF019B03F00B030B2B7FF463AF0220E1
:100D8000FFF704FE322000F05BFFB0F10008FFF631
:100D900059AF18F003077FF455AF08EB0503D9F8F6
:100DA000082093423FF64EAFB8F5807F3FF74AAF39
:100DB0000F4BB84503931FDD4FF47A7000F040FFEE
:100DC0000028FFF63FAF039B013703F8010BF0E764
:100DD0009423002078220020150900089823002081
:100DE00090220020C8B90008C0B90008C4B90008A2
:100DF0009422002000220020C820FFF779FD07463A
:100E000000283FF41FAF1F2D11D8C5F1200204ABFD
:100E100025F003008F494245184428BF42460392FB
:100E200001F018F8039AFF218A4801F039F84FEAD7
:100E3000A803C8F3870287492846039301F038F8CE
:100E4000064600283FF474AF039B05EB830537E7A4
:100E50000220FFF74DFD00283FF4F4AE00F07CFFC8
:100E600000283FF4EFAE0027B846D9F80830BB425F
:100E700018D91F2F11D8049B01330ED027F003037C
:100E800014AA134453F8403C0C93404604220CA986
:100E9000043701F053F98046E7E7384600F020FFB9
:100EA0000C90F2E74046FFF72BFD09E70023642191
:100EB0000CA80C9300F0D8FE00287FF4C3AE0220EB
:100EC000FFF716FD00283FF4BDAE0C9800F03AFF86
:100ED000E9E7002364210CA80C9300F0C5FE00286C
:100EE0007FF4B0AE0220FFF703FD00283FF4AAAE66
:100EF0000C9800F029FFD6E70220FFF7F9FC002844
:100F00003FF4A0AE00F038FFCDE70220FFF7F0FC81
:100F100000283FF497AE0CA9142000F033FF039093
:100F2000FFF7EEFC03990CA800F0A8FEC8E602202B
:100F3000FFF7DEFC00283FF485AE474B0CAF03F112
:100F4000100C1868083353F8041C3A46634503C272
:100F50001746F6D11020FFF7D3FC1021E3E732202B
:100F600000F06EFE071EFFF66DAEBB077FF46AAEA3
:100F700007EB0A03D9F8082093423FF663AE02203C
:100F8000FFF7B6FC00283FF45DAE27F00307574497
:100F9000BA453FF495AE50460AF1040A00F0A0FEAF
:100FA000FFF7AEFCF4E74FF47A70FFF7A1FC0028DE
:100FB0003FF448AE00F0D0FE002849D0049B013336
:100FC0000BD0082204A9002000F072FF00283FD0B7
:100FD0002022FF2104A800F063FF2048022100F036
:100FE0004DFE1F4807F0AAFF15B0BDE8F08F002E98
:100FF0003FF428AE019B03F00B030B2B7FF422AED2
:10100000002364210CA80C9300F02EFE0746002854
:101010007FF418AE0220FFF76BFC804600283FF4F7
:1010200011AE02210D4800F029FE41F2883007F090
:1010300085FF0C9800F0C8FF46463C4600F07CFF58
:10104000A1E506463CE64FF0000AFBE5BB466FE62D
:1010500037466DE694220020ACB90008C0B90008FC
:10106000A086010070470000704700007047000034
:101070002DE9F04100F58037044616463B7C5BB90C
:10108000C0681030204400F0E5FEE5683544B5F551
:10109000004FE56002D816B1BDE8F081DEB905F079
:1010A0007F0605F110000021C6F180062044F6B24B
:1010B00032462E4400F0F4FEA06804F110083246D7
:1010C00000F10060414600F5003008F00DFC30B939
:1010D00001233B74E0E74FF400463546ECE7A26895
:1010E00005F11001404632442144A260E268521BDF
:1010F000E26000F0AFFE0220BDE8F04100F090BEDB
:10110000183000F0E9BC000010B5044603F0A4FB61
:10111000204610BD10B5044603F09EFB204610BDCE
:10112000C0B2A0F14103052B02D83738C0B27047D6
:10113000A0F16103052B94BF57383038F6E7000063
:1011400070B504461546084603220C4900F08CFE93
:10115000014688B908346E1C15F91100FFF7E0FF4D
:10116000024616F911000131FFF7DAFF102940EAB3
:10117000021004F8010BEFD170BD00BFCCB900081C
:101180002DE9F04FADF53F7D0746416801222AA8C1
:1011900005F052FA002840F08780064682468146D4
:1011A0001125DFF80C81DFF80CB101AB4FF4805250
:1011B00041462AA805F0A0FB002875D1019AB2F596
:1011C000805F71D8002A65D00446019A9442ECD21F
:1011D000282D0FD008DC132D2DD01E2D39D0112D28
:1011E00013D00134A4B2F0E7322D2DD0372D2FD0FB
:1011F0002D2DF6D13B68121B08EB040138461B6904
:101200002D259847BDF80440EBE7121B022A09D9A7
:10121000594608EB040000F027FE18B902342825CF
:10122000A4B2DEE718F804303A2B3DD00A2B1CBFDD
:10123000A1461325D5E718F804300A2B34D03A2BF1
:1012400004BFA2463225CCE718F80430202BC8D0C2
:10125000264618F804300A2B1AD1AAEB090208EB2B
:10126000090102A811254F2A28BF4F220AF08AFB44
:10127000A21B08EB060116A84F2A28BF4F220AF02E
:1012800081FB3B6816AA02A9DB6838469847A8E7A5
:101290001E25A6E73B68384604491B69984701208C
:1012A0000DF53F7DBDE8F08F0020F9E7B1BA0008E9
:1012B000A0230020D0B9000800F1180110B50446A1
:1012C00086B00846019100F0F1FB2046FFF758FF79
:1012D00060B1019902A800F049FC102204F1080154
:1012E00002A80AF0EDFAB0FA80F0400906B010BD8D
:1012F00070B504460025EEB2304600F0FFFC58B150
:1013000000213046013500F009FD08B9002070BD0C
:10131000022000F085FDEEE72046FFF731FF0028B0
:10132000F4D004F58034207C80F00100EFE7000069
:10133000F0B5C9B008F050FD03F0AAFA18B90025BD
:10134000284649B0F0BD69462A4805F097FB0028B9
:101350004BD1294C204605F0C1FB284805F0BEFBC7
:10136000274805F0BBFB2146224805F033FC002846
:10137000E5D1702003F06AFA064610B1214B4460B3
:101380000360336830469B689847054600282ED096
:101390001A4F1948394605F01DFC05460028CED1E4
:1013A000194803F053FA044638B1184B47600360FC
:1013B00000F58033C0E902551D74236820469B6800
:1013C0009847054628B10E490C4805F003FC002853
:1013D000B5D1336830465B6898471CB12368204616
:1013E0005B68984703F03CFAAAE70025FAE7044651
:1013F000EFE700BFD4B90008E4B90008FBB9000862
:1014000011BA000834BA00081400010050BA0008EC
:101410002DE9F04FD44A8DB00B68D0F804A00193A9
:101420001A440368D14E1A44D1F81C90DFF8B4C3B3
:10143000DFF8B4B3D0E90234634003EA0A0363403F
:1014400013444A6802920AEB7363029CC84A22441E
:10145000C468224484688AEA04051D406540154436
:101460008A68039203EB3555039CC24A2244846880
:1014700022448AEA03042C4084EA0A041444CA6819
:1014800005EBF4340492164483EA050222405644E4
:101490005A4032440E69059604EBB222059FB64EBF
:1014A0003E441E4485EA040313406B4033444E69B6
:1014B000069602EB7363069FB04E3E442E4484EAC8
:1014C00002051D40654035448E69079603EB35558E
:1014D000079FAB4E3E44264482EA03042C4054400E
:1014E0003444A84E4E4405EBF434164483EA050216
:1014F00022405A4032440E6A089604EBB222089FFA
:10150000A14E3E441E4485EA040313406B4033441D
:101510004E6A099602EB7363099F9C4ED1F830E046
:101520003E44D1F83880F3442E4484EA02051D403D
:10153000654035448E6AA6F5244703EB35550A9677
:101540004F3F274482EA03042C4054403C44CF6A76
:101550000B9705EBF4340B9E8D4F3744029E1744D6
:1015600083EA050222405A403A448A4F774404EB0A
:10157000B2221F4485EA040313406B403B444F6B87
:10158000BC4402EB7363654484EA020C0CEA030C6E
:101590008CEA040C6544DFF854C2C44403EB3555AF
:1015A000A44482EA03042C4054406444D1F83CC073
:1015B000794905EBF4346144114483EA0502224081
:1015C0005A400A44754904EBB2223144079E19443B
:1015D00084EA02032B4063400B44714902EBF3633E
:1015E00031440B9E0D4482EA0301214051402944BD
:1015F0006C4D03EBF1513544019E254483EA01040F
:1016000014405C402C44684D01EBB4443544069EC4
:10161000154481EA04021A404A402A44634D04EB0F
:10162000323235440A9E1D4484EA02030B40634073
:101630002B445F4D02EBF3633544059E0D4482EA73
:1016400003012140514029445A4D03EBF1516544B7
:10165000254483EA010414405C402C44564D01EBC0
:10166000B4443544099E154481EA04021A404A40B4
:101670002A44524D04EB32323544049E1D4484EA20
:1016800002030B4063402B444D4D02EBF363454492
:101690000D4482EA0301214051402944494D03EBA6
:1016A000F1513544089E2C4483EA010515405D4004
:1016B0002C44454D01EBB4443544039E2A4481EA51
:1016C00004051D404D402A44404D04EB32323D4458
:1016D0002B4484EA020593440D4065402B443C4D65
:1016E00002EBF3633544069E294482EA0305254054
:1016F00055402944374D03EBF1514D442C4483EAC6
:10170000010515405D40254401EBB54581EA05041E
:1017100004EA03024A405A44A6F5B82B089E05EB9A
:101720003232ABF2BE6B54405B4423442A4C344407
:1017300002EB33730B9E0C4485EA020159402144AD
:10174000264C344403EB7151029E254482EA030483
:101750004C402544224C444401EB3545144483EA73
:1017600001026A40224443E078A46AD7EECEBDC1AC
:1017700056B7C7E8DB702024AF0F7CF52AC6874731
:10178000134630A8019546FDD8988069AFF7448B81
:10179000BED75C892211906B2108B44962251EF6E0
:1017A00040B340C0515A5E26AAC7B6E95D102FD695
:1017B0005314440281E6A1D8C8FBD3E7E6CDE1216A
:1017C000D60737C3870DD5F4ED145A4505E9E3A9CB
:1017D000F8A3EFFCD9026F6781F6718722619D6DD6
:1017E0000C38E5FD937198FD8A4C2A8D8E4379A6BD
:1017F000934C344405EB7222059E1C4481EA050398
:10180000534023448F4C344402EB33730A9E0C4400
:1018100085EA0201594021448B4C4C4403EB715141
:10182000254482EA03044C402C44884D354401EBA6
:101830003444019E154483EA010262402A44844DE7
:101840003D4404EB72221D4481EA040353402B44BF
:10185000804D354402EB3373049E294484EA02052B
:101860005D4029447C4D354403EB7151079E25446E
:1018700082EA03044C402C44784D354401EB344457
:10188000099E2A4483EA010565401544744A32449E
:1018900004EB7525039E134481EA04026A401A444E
:1018A000704B734405EB32720B4484EA05015140DE
:1018B00019446D4B634402EB71511C4485EA0203E9
:1018C0004B401C44694B334401EB3444019E1D449E
:1018D00082EA010363402B44654D04EB73233544D6
:1018E000069E154463EA010262402A44614D03EBFF
:1018F000B2624D4462EA040929445F4D89EA030952
:10190000454449442C445D4D02EBB1513544049E9D
:1019100061EA03081D4488EA0208444401EB744468
:1019200064EA02034B402B44554D04EBF32375440A
:1019300063EA010E15448EEA040E0EEB0502514DCA
:1019400003EBB262354462EA040E29440A9D8EEA32
:10195000030EA5F580164C4D7144A6F6833602EBB6
:10196000B151264461EA030454403444029E01EB21
:101970007444354464EA02061D444E407319089EBF
:10198000424D04EBF323354463EA010615446640F7
:1019900072193F4D03EBB262654462EA04062944C2
:1019A0003C4D5E403144079E02EBB151354461EA43
:1019B00003062C44384D56403D443444059E1D4496
:1019C00001EB744464EA02034B402B44334D04EBB7
:1019D000F32335440B9E154463EA010262402A4416
:1019E0002F4D03EBB2623544039E0D4462EA0401BD
:1019F000594029442B4D02EBB15135442A4E254420
:101A000061EA030454402C44099D01EB74442E44C4
:101A100064EA02051E4485EA01039D1903681A441D
:101A20000AEB040303EBF5230260436083681C4464
:101A3000C36819448460C1600DB0BDE8F08F00BF79
:101A400044EABEA4A9CFDE4B604BBBF670BCBFBE60
:101A5000C67E9B28FA27A1EA8530EFD4051D8804AD
:101A600039D0D4D9E599DBE6F87CA21F6556ACC421
:101A7000442229F497FF2A43A72394AB39A093FC6F
:101A8000C3595B6592CC0C8FD15D84854F7EA86F66
:101A9000E0E62CFE144301A3A111084E827E53F709
:101AA00035F23ABDBBD2D72A91D386EB094B0360FE
:101AB00003F18833436003F12943A3F59613A3F69A
:101AC0008B638360A3F18833C3600023C0E90433D0
:101AD000704700BF012345672DE9F84314460269AA
:101AE00005460E46E300C2F3C50800F118079B182F
:101AF000036122BF43690133436112F4FC7F4369F0
:101B000003EB5473436114D0C8F1400907EB08009C
:101B10004C4504D22246BDE8F84309F003BF403CDF
:101B20004A464E4409F0FEFE444439462846FFF733
:101B30006FFCA04606EB0409B8F13F0FA9EB0801C2
:101B40000AD94022384609F0EDFE39462846A8F168
:101B50004008FFF75DFCEFE7A1096FF03F02384650
:101B600002FB014206EB8111D5E7000070B50B695D
:101B700001F1180506460C46C3F3C503EA18501CCC
:101B80008022EA54C3F13F02072A1FD8002100F047
:101B900087F929462046FFF73BFC382200212846DA
:101BA00000F07EF923692946204623656369636551
:101BB000FFF72EFC21461022304609F0B3FE2046E6
:101BC00058220021BDE8704000F06AB9C3F1370225
:101BD0000021E5E72DE9F84F4FF47A7306460D46EC
:101BE000002402FB03F7DFF85080DFF8509098F9EB
:101BF00000305FFA84FA5A1C01D0A34210D159F880
:101C000024002A4631460368D3F820B03B46D84723
:101C1000854205D1074B012083F800A0BDE8F88F6D
:101C20000134042CE3D14FF4FA7007F087F9002057
:101C3000F4E700BFE433002010220020142200202B
:101C4000002307B5024601210DF107008DF807308A
:101C5000FFF7C0FF20B19DF8070003B05DF804FB5B
:101C60004FF0FF30F9E700000A46042108B5FFF7FE
:101C7000B1FF80F00100C0B2404208BD074B0A46E8
:101C800030B41978064B53F82140014623682046AA
:101C9000DD69044BAC4630BC604700BFE433002034
:101CA00014220020A086010070B50A4E00240A4DBF
:101CB00007F0BEFD308028683388834208D907F0DA
:101CC000B3FD2B6804440133B4F5003F2B60F2D31D
:101CD00070BD00BFE6330020A033002007F082BEB5
:101CE00000F1006000F500300068704700F100600E
:101CF000920000F5003007F0F7BD0000054B1A68B0
:101D0000054B1B889B1A834202D9104407F08CBDF7
:101D100000207047A0330020E633002038B5044689
:101D2000074D29B128682044BDE8384007F094BD2C
:101D30002868204407F07EFD0028F3D038BD00BF9E
:101D4000A03300200020704700F1FF5000F58F10F5
:101D5000D0F8000870470000064991F8243033B1EC
:101D600000230822086A81F82430FFF7BFBF012052
:101D7000704700BFA4330020014B1868704700BFB4
:101D80000010005C194B01380322084470B51D682F
:101D9000174BC5F30B042D0C1E88A6420BD15C68B3
:101DA0000A46013C824213460FD214F9016F4EB12C
:101DB00002F8016BF6E7013A03F10803ECD1814226
:101DC0000B4602D22C2203F8012B0424094A168860
:101DD000AE4204D1984284BF967803F8016B013C6F
:101DE00002F10402F3D1581A70BD00BF0010005C6C
:101DF0002422002090BA0008022803D1024B4FF0A1
:101E000080529A61704700BF00100258022803D127
:101E1000024B4FF480529A61704700BF0010025885
:101E2000022804D1024A536983F4805353617047F6
:101E30000010025870B504464FF47A764CB1412C2C
:101E4000254628BF412506FB05F0641B07F076F800
:101E5000F4E770BD002310B5934203D0CC5CC454AA
:101E60000133F9E710BD0000013810B510F9013F4A
:101E70003BB191F900409C4203D11AB10131013AC2
:101E8000F4E71AB191F90020981A10BD1046FCE74A
:101E900003460246D01A12F9011B0029FAD17047F5
:101EA00002440346934202D003F8011BFAE770474D
:101EB0002DE9F8431F4D14460746884695F824201F
:101EC00052BBDFF870909CB395F824302BB92022D8
:101ED000FF2148462F62FFF7E3FF95F824004146B3
:101EE000C0F1080205EB8000A24228BF2246D6B20C
:101EF0009200FFF7AFFF95F82430A41B17441E444F
:101F00009044E4B2F6B2082E85F82460DBD1FFF7E6
:101F100023FF0028D7D108E02B6A03EB820383421A
:101F2000CFD0FFF719FF0028CBD10020BDE8F88300
:101F30000120FBE7A4330020024B1A78024B1A70F1
:101F4000704700BFE433002010220020F8B5194C80
:101F5000194806F0EBFA2146174806F013FB2468EF
:101F60004FF47A70154ED4F89020154DD2F80438FD
:101F7000114F43F00203C2F80438FFF75BFF20461D
:101F8000104906F00DFCD4F890200424D2F804384F
:101F900023F00203C2F804384FF4E133336055F8FC
:101FA000040BB84202D0314606F01EFA013CF6D1CD
:101FB000F8BD00BF48C8000818490020CC330020F5
:101FC0001422002050C800080C4B70B50C4D04467C
:101FD0001E780C4B55F826209A420DD00A4B002152
:101FE00018221846FFF75CFF0460014655F82600EA
:101FF000BDE8704006F0F8B970BD00BFE4330020C2
:102000001422002018490020CC3300202DE9F0478D
:1020100071B6464B01201D68454BB3F80080002384
:102020001A46194605F03CF90446802007F07AFD6F
:102030000746002862D0002C60D03E4EADB24FF073
:10204000800A7369284643F0C0637361D6F814317F
:1020500043F0C063C6F8143107F0E6FB05EB080255
:1020600000FB05F34FF4D06C50434FF03D0E984207
:1020700033D93269520144D4D6F81021510140D4E9
:10208000216803F100628A602268D7602268C2F882
:1020900004A02268C2F800C0D4F80090D9F800204B
:1020A00042F00102C9F80020D4F80090D9F80020CD
:1020B00022F01E02C9F80020D4F80090D9F80020C0
:1020C000D207FBD494F80C90803361680EFA09F2C1
:1020D0000A60CCE7002007F085FC204605F016F9E1
:1020E000384607F05BFD134B5A6942F0C0625A61F3
:1020F000D3F8142142F0C062C3F8142161B6BDE8E0
:10210000F0870D4B9A6A42F400729A629A6A42F41E
:1021100000429A6261B60026012007F063FCB045D8
:10212000D8D9A819013607F097FBF8E7A0330020AB
:10213000E63300200020005200ED00E030B50A44F4
:10214000084D91420DD011F8013B5840082340F34F
:102150000004013B2C4013F0FF0384EA5000F6D149
:10216000EFE730BD2083B8ED30B5002489B00B4DCA
:102170001C22214601A80094FFF792FE2022694606
:10218000281909F09DFB30B92034B4F5A07FF5D1B2
:10219000012009B030BD0020FBE700BFE8020008C5
:1021A0002DE9F047D8B004460D4616461F46FFF706
:1021B000DBFF90BBA369482B31D1082204F11C013D
:1021C000184809F07DFB50BB8246DFF85C80DFF8E1
:1021D0005C904FF4B07200216846FFF761FE08EB97
:1021E0000A0204F12401684602F0F4F92A4649463D
:1021F000684602F0F5F968463A46314602F0F0F9D1
:10220000684602F0EFF928B10AF1200ABAF5A07F7A
:10221000DFD1122058B0BDE8F0870020FAE7112086
:10222000F8E700BFB4BA0008E8020008000002089E
:10223000404A2DE9F34110686B4651686A4603C372
:1022400008233D493D4809F04BFB0446002836D1A0
:102250000A24FFF789FF002867D0394A6B461068C7
:1022600051686A4603C308233649344809F038FBED
:102270000546002859D00369B3F5F01F55D8418BA6
:1022800040F22742914250D12F4A024402F11001FC
:102290008B424AD3103B294900209E1AFFF74EFF7C
:1022A00005F11801074632460020FFF747FFAB68EB
:1022B0009F423AD1EB68984208BF002435E0036999
:1022C000B3F5F01F01D90B24C3E7B0F8661040F254
:1022D0002742914201D00C24BBE71B4E064406F175
:1022E0005C02934201D21024B3E75C3B00F1640727
:1022F000324612499D1B0020FFF720FF39468046D9
:102300002A460020FFF71AFFA368984501D00D2444
:102310009FE7E3689842FAD120462B463A46314679
:10232000FFF73EFF0446002893D1204602B0BDE8E7
:10233000F08100BFA0BA000890FF1D000000020855
:10234000A9BA0008DCFF1D000800FEF78378427878
:102350001B04007843EA0223184370470068704763
:1023600008B50246FFF7FAFF0346101DFFF7F6FF18
:102370000146184608BD00000B0A017043700B0CA3
:10238000090E8370C170704708B501EB8202031F0C
:1023900008460431FFF7E2FF43F8040F9142F7D1FA
:1023A00008BD000010B500EB82020C1F54F8041F9A
:1023B000FFF7E2FF04309042F8D110BD2DE9F04163
:1023C00088460546FFF7CCFF06460C464046FFF719
:1023D000C7FF464005F108004C40FFF7C1FF074624
:1023E0000D4608F10800FFF7BBFF78406940304315
:1023F0002143BDE8F0810000F8B506460F46FFF71F
:10240000DDFF05460C4606F1100007F11001FFF74D
:10241000D5FF28432143F8BD2DE9F04F0368B7B03D
:10242000384CC1F1000A1A93436837491B938368FB
:10243000364D1C93C368364F1D930369DFF8F8B01F
:102440001E9343698AEA0B0B324E1F938369DFF8B0
:10245000ECE02093C369DFF8E8C02193036A22937C
:10246000436A2393D0E9102362402B4C05922B4AF8
:1024700053400693836A2493C36A2593D0E91223B9
:1024800062400D92264A5340264A0E93036B0092F7
:102490002693436B279381EAEA7320991793836B02
:1024A00018912893C36B289A299300F15003119235
:1024B000299A21991292269A19910792279A1E9980
:1024C0000892249A159103921F99259A16910492C5
:1024D000DDE922421C990F911D9910911A990991D9
:1024E0001B990A911049CDE9015101F14F7101F594
:1024F000D341583113910D4914910D49CDE90B7118
:102500000C4F1FE0D182E6ADABD9831F79217E133A
:102510002BF894FE85AE67BB1F6C3E2B7F520E518D
:102520008C68059B54BF000819CDE05B3AF54FA5B8
:1025300072F36E3C3BA7CA846BBD41FB08C9BCF378
:1025400067E6096A0099097803EBC10553F8311071
:102550006D68611842EB0508099D49190A9D45EB14
:102560000808059D81EA0509069D88EA050A1AEB17
:102570000E0E4CEB090C8EEA04048CEA0202250EC6
:1025800045EA0225120E42EA0422009C6478099270
:1025900003EBC40253F834405268091948EB0208AF
:1025A0004A190592099A48EB02020692059A82EAB4
:1025B0000A0A069A4FEA1A4182EA090941EA0942DF
:1025C00009994FEA1949349249EA0A423592349AF4
:1025D0001EEB02022A92359A4CEB02022B922A9AA7
:1025E00055402B9A51400A46490041EAD5716D0089
:1025F000339145EAD2723292009A927803EBC2018B
:1026000053F832204968039C0D9DA218049C44EBAA
:10261000010E0F9912EB010A1099009A41EB0E0E70
:102620000E9985EA0A058EEA0108039918EB070757
:1026300046EB050687EA010C74404FEA1C6141EA4B
:102640000421240E44EA0C2492F803C003EBCC09C5
:1026500053F83CC0D9F804901AEB0C024EEB090E6B
:1026600052180D924EEB04020E920D9A82EA08085F
:102670000E9A55404FEA184242EA05422D0C30921C
:1026800045EA08423192309ABA182C92319A46EBB8
:1026900002022D922C9A51402D9A5440620042EA37
:1026A000D1724900099241EAD4720492009A1279D7
:1026B00003EBC20153F832204D6807998A18089934
:1026C00041EB050515995218169941EB0505179927
:1026D00082EA0B04039285EA010A0B99009A1AEB2D
:1026E00001060C9992F805E041EB040B079953F8A9
:1026F0003E8086EA010C0899039A8BEA01074FEAAB
:102700001C6112EB080241EA07214FEA176747EA0A
:102710000C2703EBCE0CDCF8049045EB09055218AE
:10272000159245EB07021692159A82EA0A0A169A42
:102730004FEA1A49544049EA0442240C2E9244EAD2
:102740000A42119C2F922E9AB6182F9A4BEB020B2D
:1027500071408BEA07077A0042EAD1724900089279
:1027600041EAD7720792009A917903EBC10253F8BC
:10277000311052686118129C44EB0208189A8918AB
:10278000199A42EB0808019A029C4A40129F88EA73
:10279000040E139C1EEB0405149C44EB0209119CCF
:1027A0006C4089EA070C270E47EA0C274FEA1C6C9D
:1027B0004CEA042C009CE47903EBC40A53F834403F
:1027C000DAF804A00919059C48EB0A08C919179101
:1027D00048EB0C011891179981EA0E0E18994FEAEF
:1027E0001E4A4A404AEA024A120C15EB0A0542EA1E
:1027F0000E4E87EA050749EB0E0989EA0C0C4FEAF1
:102800004C0848EAD7727F00129247EADC721192B4
:10281000009A117A03EBC10253F831105268611823
:10282000069C44EB0208049A8918099A48EB0208AE
:1028300081EA0A0A049A88EA0E0E1EEB06064BEBA2
:102840000A0B86EA0204099A270E8BEA020247EA7B
:1028500002274FEA126C009A527A4CEA042C03EBDE
:10286000C20453F832206468891848EB0408CA1976
:10287000099248EB0C020A92099A8EEA020E0A9A11
:102880008AEA020A4FEA1E4242EA0A424FEA1A4A1A
:1028900001924AEA0E420292019A92190B92029A0E
:1028A00042EB0B020C920B9A57400C9A8CEA020CEA
:1028B0004FEA4C0444EAD772359C7F00049247EA01
:1028C000DC720392009A927A03EBC20153F8322031
:1028D0004E680D998A180E9941EB0606079912EB7E
:1028E00001080899009A46EB0106349986EA040A21
:1028F00088EA0101079C1AEB050549EB010985EA05
:10290000040C089C89EA04074FEA1C6444EA072483
:102910003F0E47EA0C2792F80BC003EBCC0E53F89E
:102920003CC0DEF804E018EB0C0246EB0E06121970
:102930000F9246EB070210920F9A8AEA020A109A47
:1029400051404FEA1A4242EA0142090C059241EA1B
:102950000A420692059A52191392069A42EB09020C
:102960001492139A5440149A57407A0042EAD4724F
:102970006400089244EAD7720792009A127B03EB34
:10298000C20153F832204D6815998A18169941EB07
:102990000505119912EB010A1299009A45EB010500
:1029A00030998AEA0106319985EA01072A9911EBE3
:1029B000070E2B9941EB060C11998EEA010412992E
:1029C0008CEA0108210E41EA08214FEA186848EA1A
:1029D000042492F80D8003EBC80953F83880D9F825
:1029E00004901AEB080245EB09055218159245EBC5
:1029F00004021692159A5740169A56403A0C42EA2B
:102A00000642360C0D9246EA07420E920D9A12EBE0
:102A10000E0E0E9A42EB0C0C81EA0E0184EA0C04B5
:102A20004FEA440A4AEAD1724900129241EAD4724A
:102A3000179C1192009A917B03EBC10253F831105D
:102A400052686118189C44EB0208329A009C89185D
:102A5000339AE47B48EB02082E9A81EA02092F9A06
:102A600088EA020A2C9A12EB0A072D9A42EB090611
:102A7000329A87EA020B339A4FEA1B65724045EAA5
:102A80000225120E42EA0B2203EBC40B53F834402A
:102A9000DBF804B0091948EB0B084919189148EB09
:102AA0000201199118998AEA010A199989EA01091A
:102AB0004FEA1A4141EA094B4FEA19491BEB070754
:102AC00049EA0A4185EA070541EB0606179182EAC1
:102AD00006014A0042EAD5726D0045EAD1740099B8
:102AE00010310091009D3949A9427FF42BAD099B1B
:102AF0000C9D83EA0E010A9B83EA0C081A9B59403D
:102B00001B9B88EA0303C0E900130F9B13997B40CA
:102B10001F46109B73401E461C9B5F401D9B5E40E2
:102B2000159BC0E902760B9E5E40169B5D401E9B86
:102B30005E401F9B5D40189BC0E904655940199D8C
:102B4000149B83EA0508209B5940219B88EA0303D4
:102B5000C0E90613059B83EA0409069B83EA020A7F
:102B6000229B89EA0304239B8AEA0302C0E9084204
:102B7000039B0D9A049C83EA020C0E9B259A5C40F1
:102B8000249B12998CEA03035440179AC0E90A3433
:102B9000079B83EA0B04089B83EA020A269B5C409E
:102BA000279B8AEA0302119BC0E90C42019A5A4012
:102BB000029B83EA010A289B5A40299B8AEA030365
:102BC000C0E90E2337B0BDE8F08F00BF14C0000885
:102BD00070B505460E46144622B980222146503073
:102BE000FFF75EF924F00700E40004F038042844FD
:102BF000A4F12003C4F1200206FA04F406FA03F358
:102C000026FA02F21343D0E9146234431343C0E9B5
:102C1000144370BD28220021FFF742B9012324226A
:102C2000002140F8043BFFF73BB90000002351F8B6
:102C3000232040F8232001330A2BF8D170470000ED
:102C4000002351F82320524240F8232001330A2B5D
:102C5000F7D17047002330B551F8234052F8235084
:102C60002C4440F8234001330A2BF5D130BD00003D
:102C7000002330B551F8234052F82350641B40F82C
:102C8000234001330A2BF5D130BD000030B552424C
:102C9000041F0439243054F8045F51F8043F84427F
:102CA00083EA050303EA020383EA05032360F2D102
:102CB00030BD00002DE9F04F8BB0044608460025DA
:102CC000FFF74CFB0190081DFFF740FB8301C81D77
:102CD0000093FFF73BFB4FEA401A01F10A00FFF7B0
:102CE00035FB4FEAC00B01F10D00FFF72FFB86000B
:102CF00001F11000FFF732FB814601F11400FFF7EC
:102D000025FB4FEAC01801F11700FFF71FFB470131
:102D100001F11A00FFF71AFB030101F11D000493F2
:102D2000FFF714FB019A6C4B03EA800312F1007069
:102D300005934FEA906045F1000340EA83109B162B
:102D400081064FEA901C521A06926CEB4C020792D5
:102D5000009A101843F1000216F1007C45F10001C1
:102D60004FEA9C6C4CEA811C89164FEA8C634FEA4F
:102D70009C15F31A65EB450619EB0C0941F10001AE
:102D800010F1807C42F100054FEA5C6C4CEAC51CF6
:102D90006D161AEB0C0AA0EB4C6245F1000519F117
:102DA000807008924FEA506041F1000240EAC21080
:102DB0005216A9EB4061099118EB0001009142F114
:102DC00000021AF1007145F10005890E41EA8511F2
:102DD000AD161BEB01004FF0130B019045F1000500
:102DE000009810F1007042F10002800E40EA82105B
:102DF00092163F18029742F10002019F17F1807E60
:102E000045F100054FEA5E6E4EEAC51E029D13EBCA
:102E10000E0346F1000615F18077049D42F1000291
:102E20007F0E039347EAC2175216ED1942F10002D2
:102E300013F1007C049546F100064FEA9C6C069B5A
:102E40004CEA861C15F10076059D42F10002B60E93
:102E500046EA8216921615EB060942F1000219F1B4
:102E6000807542F100026D0E45EAC215A5FB0B2BE1
:102E7000A9EB4565D218079B4BEB030B12F10078C9
:102E8000089B4BF1000B4FEA986848EA8B18A2EBBD
:102E90008862226013EB08026260AAEB8162A26082
:102EA000019B6562A3EB4E61039BA3EB8C63E16026
:102EB0002361099B13EB0C036361009BA3EB80630D
:102EC000A361029BA3EB4760049BA3EB8666E061D2
:102ED00026620BB0BDE8F08FFCFFFF012DE9F04F3B
:102EE0000D688BB00C694FF0130B82FB055C82FB05
:102EF000044615F100774CF1000ABF0E47EA8A1725
:102F00004FEAAA680AF07C4ABB064AEA971AEB1A0B
:102F10004D6806936CEB0A0314F1007CC2FB057844
:102F2000079346F1000E4FEA9C6C4D694CEA8E1CEB
:102F30004FEAAE6A0EF07C4E4FEA8C634EEA9C1E5E
:102F4000C2FB05CAE41A66EB0E0E17F1807548F154
:102F500000086D0E45EAC8154FEA6863A7EB4566A1
:102F60008F6808961CF18076C2FB07534AF1000A6D
:102F7000760E15F1007946EACA1643F100034FEACE
:102F80009969ACEB466749EA831909974FEA6A6A7F
:102F90008F699B16A5EB8965C2FB076ACF6801960E
:102FA0004E46C2FB07630296019ECF6916F1007C74
:102FB0004AF1000A4FEA9C6C4CEA8A1C4FEAAA6A62
:102FC0006646C2FB076A0396029E16F1807843F1BB
:102FD00000034FEA586848EAC31814EB08044EEBA4
:102FE0006366039B13F180770B6A496A4AF1000A12
:102FF0007F0E856047EACA174FEA6A6ABE46C2FB7F
:1030000003EACDF810E014F1007E46F100034FEA28
:103010009E6E4EEA831E049B13F10076A4EB8E6431
:103020004AF10003B60E46EA83169B16B246C2FB6F
:1030300001A31AF18071CDF814A043F10003490EE9
:1030400041EAC3115B16A1FB0B2A0BFB03AA069BEB
:10305000D218079B4AEB030A12F100734AF1000AE7
:103060009B0E43EA8A13A2EB83620260089AD3188C
:103070004360029BA3EB4863C3600461099B13EBAD
:103080000E034361019BA3EB8C638361039BA3EB62
:103090004767049BA3EB8666059BC761A3EB416171
:1030A000066241620BB0BDE8F08F00002DE9F04FE1
:1030B000A5B04FF0130E8146D1E90053D2E9008448
:1030C00008938B680EFB04F00193CB680993D1E958
:1030D00004C30A93D1E906730B93D1E908630C93F7
:1030E00093680293D36804931369069353690D930D
:1030F00093690F93D3691693136A1893536A1993BC
:10310000089B5B001093099B5B0011930A9B5B007B
:1031100012930B9B5B0013930C9B5B001493029B1D
:103120000EFB03F31A93049B0EFB03FB069B0EFBA3
:1031300003F317930D9B0EFB03F315930F9B0EFBED
:1031400003F30E93169B0EFB03F30793189B0EFBE2
:1031500003F30593199B0EFB03F30393039A109B50
:1031600083FB021A019B1A46059BC5FB081AC2FB8A
:10317000031A119B1A46079BC2FB031A0E9BCCFB3A
:10318000031A129B1A46159BC2FB031A179B039A3C
:10319000C7FB031A139BC3FB0B1A1A9BC6FB031A2C
:1031A000149BC3FB001A089B1B9188FB03300199F9
:1031B000C5FB0430C2FB013005990A460999C2FBE0
:1031C00001300799C1FB0C300E990A460A99C2FBDF
:1031D00001301599C1FB073017990A460B99C2FBBC
:1031E00001301A99CBFB063002460C98C1FB003225
:1031F0001A93109B029983FB04301C92C5FB01308B
:103200000199039AC8FB01301199C2FB013005995D
:10321000C1FB0C3007990A461299C2FB01300E9986
:10322000C1FB073015990A461399C2FB0130179963
:10323000C1FB06301499CBFB01300299CDE91D305A
:10324000089B83FB01B0049B0A99C5FB03B0019B5B
:10325000C3FB04B0099BC8FB03B0039BC3FB0CB0CA
:10326000059BC3FB01B0079B0B99C3FB07B00E9BEB
:10327000C3FB01B017990C9BC2FB06B0C1FB03B0A6
:10328000109B0499209083FB01310698CDF87CB007
:10329000C5FB0031019802460298C2FB003111982B
:1032A000039AC0FB04311298C8FB0C31C2FB0031F9
:1032B0000598C0FB0731079802461398C2FB0031FE
:1032C0000E98C0FB0631159802461498C2FB0031D7
:1032D00006981593089B0D9A83FB00031791C5FB75
:1032E0000203019A9346049ACBFB0203099A934680
:1032F000029ACBFB02030A9ACCFB0403C8FB02032D
:10330000039AC2FB0703059A93460B9ACBFB020371
:10331000079AC2FB06030E9A93460C9ACBFB020354
:103320000D9A2193109B0E9083FB02030F9AC5FB0D
:103330000203019A9346069ACBFB0203119A934625
:10334000049ACBFB0203029ACCFB0203129AC2FB43
:103350000403139A0399C8FB0703C1FB0203059AF0
:10336000C2FB0603079A9346149ACBFB02030F9AFB
:103370002293089B079083FB0203169AC5FB020366
:10338000019A93460D9ACBFB0203099A9346069A3B
:10339000CBFB0203049ACCFB02030A9A9346029ADF
:1033A000CBFB02030B9AC7FB0403C8FB0203059A7D
:1033B000C1FB060393460C9ACBFB0203169A239398
:1033C000109B059083FB0203189AC5FB0203019A28
:1033D00093460F9ACBFB0203119A93460D9ACBFBAF
:1033E0000203069ACCFB0203129A9346049ACBFB83
:1033F0000203029AC7FB0203139AC2FB0403149A46
:10340000C8FB0603C1FB0203189A1193089B109096
:1034100083FB023219981799C5FB003201981546B3
:10342000169AC0FB0235099A0F98C2FB00350D9A17
:103430000698CCFB02350A9AC2FB0035049A029822
:10344000C7FB02350B9A159FC2FB00350C98C6FBD3
:1034500004352A461B9CC8FB003206931B9B08922E
:1034600013F100764AF10000B60E46EA801600F02D
:103470007C43B20643EA9613A21A6AEB030309924D
:103480000A931A9B9E191C9B43EBA060159B13F19A
:103490000075179B4FEA956543F1000345EA8315D4
:1034A00003F07C44AA0644EA9514BA1A61EB0401BD
:1034B0000E9C6519219C44EBA36316F1807440F1C6
:1034C0000000640E44EAC014A6EB44660B961D9EF1
:1034D000341901941E9C44EB606015F1807443F133
:1034E0000003640E44EAC314A5EB44650C95079DE4
:1034F0002C190294229C44EB6363019C14F1007428
:1035000040F100004FEA94681F9C48EA801814EBD1
:10351000080B209C44EBA060029C14F10076059CF3
:1035200043F10003B60E46EA831614EB060A239C09
:1035300044EBA3631BF1807C40F100004FEA5C6C1C
:103540004CEAC01C12EB0C0241EB60611AF1807571
:10355000109843F100036D0E039245EAC31540191C
:10356000AAEB45650490119840EB636312F1007774
:1035700041F10001BF0E47EA8117049911F100746F
:10358000069943F10003A40E44EA83140919059136
:10359000089941EBA363059911F1807043F1000391
:1035A000400E40EAC3105B16A0FB0E120EFB032375
:1035B000099A89180A9A43EB020311F1007E43F13C
:1035C00000034FEA9E6E4EEA831E0B9B13EB0E0325
:1035D000A1EB8E61C9F80430019BC9F80010A3EB80
:1035E0008863C9F80830ABEB4C63C9F80C30039B17
:1035F000A3EB8762C9F810200C9BC9F81C50DF1997
:10360000029BA3EB8666049BC9F81470A3EB846449
:10361000059BC9F81860A3EB4060C9F82040C9F8C1
:10362000240025B0BDE8F08F2DE9F04F95B082461B
:103630004FF02608D1E90262D1E9003008924FEA42
:10364000400B4FEA430ED1E904720392D1E90652CE
:1036500004920A6A05924A6A13210992720006923C
:10366000089A52000192039A52000292049A520060
:103670000A9201FB05F20B92049A08FB02F20792F0
:10368000059A01FB02F9099A039908FB02F208FB6B
:1036900001F88BFB021CC3FB031C7300C3FB091C5A
:1036A000019B1C46079BC4FB031C0B9C7B00C3FBBC
:1036B000041C039BC3FB081C82FB06380C91019978
:1036C000CEFB0038C9FB01380799C1FB07380299C6
:1036D0000C460B99C1FB04380D938BFB003101980C
:1036E000CEFB0631C2FB00317800C9FB00310798E0
:1036F00004460298C4FB00310B98C0FB05310898C2
:103700000E910B938BFB0631CEFB00310298C2FB6E
:103710000731C9FB0031C4FB0531CDE90F31019BF5
:10372000680002998BFB0334CEFB0734C6FB0634DA
:10373000C2FB01340799C9FB00340498C1FB003473
:103740008BFB07160793039B0898C3FB0E16069B7B
:10375000C3FB00160A98C2FB05160B463146C9FB8F
:103760000031CDE91131029B8BFB0310069BCEFB90
:103770000510C3FB0710019B1E46089BC6FB0310E8
:103780000A9BC2FB0310059B0E46C9FB03608BFB23
:1037900005130896049ECEFB0613069EB146039EB3
:1037A000C9FB0613019EC6FB0713059E89460699B1
:1037B000C2FB069313930A9BCDF80C908BFB0393EB
:1037C000CEFB0693C1FB0593DDE90116C1FB069311
:1037D0000999C7FB0793C2FB01930A93059B0E4609
:1037E0008BFB0312069BCEFB0612049EC3FB061244
:1037F000019BC3FB0512029D0E461346C7FB0563E2
:1038000006930C9B0C9D13F1007E05964CF1000174
:103810004FEA9E6E4EEA811E01F07C434FEA8E62B3
:1038200043EA9E13AD1A6CEB03030995079D0C93B5
:103830000D9B13EB0E0E079B48EBA16813F1007C68
:1038400044F100034FEA9C6C4CEA831C03F07C417A
:103850004FEA8C6241EA9C11AA1A64EB01041199A7
:1038600011EB0C0C129941EBA3631EF1807648F129
:103870000001760E46EAC116AEEB466507950B9D34
:10388000AD1901950E9D45EB61611CF1807E43F100
:1038900000064FEA5E6343EAC613ACEB43650B9543
:1038A000089DEB18029340EB6663019810F10076D7
:1038B0000F9841F100014FEA966848EA811810EB31
:1038C000080B109840EBA161029810F1007643F1CB
:1038D0000000B60E039B46EA80169B190393139BC8
:1038E00043EBA0631BF1807C41F100004FEA5C6C6C
:1038F0004CEAC01C12EB0C0244EB6061039804928A
:1039000010F180750A9843F100036D0E45EAC31566
:1039100019EB050940EB636312F100774FF01302D6
:1039200041F1000119F100744FEA976743F1000378
:10393000A40E47EA8117059944EA83140919A9EBF3
:1039400084640591069941EBA363059911F1807098
:1039500043F10003400E40EAC3105B16A0FB021EB9
:1039600002FB03E3099A89180C9A43EB020311F155
:10397000007E43F100034FEA9E6E4EEA831E079BD2
:1039800013EB0E03A1EB8E61CAF80430019BCAF859
:103990000010A3EB8863CAF80830ABEB4C63CAF89D
:1039A0000C30049BA3EB87620B9BDF19CAF8102035
:1039B000CAF81470029BCAF82040A3EB8666039BEA
:1039C000A3EB4565059BCAF81860A3EB4060CAF8F5
:1039D0001C50CAF8240015B0BDE8F08F0029A1BF23
:1039E000CB1001F00701C05C40FA01F1ACBF01F05F
:1039F000010000207047000070B500F11C02041F98
:103A0000084E0120002556F8041B54F8043FC94312
:103A10005B1845EB05011B1841F10000A242F2D1F1
:103A200070BD00BFBCBA0008F8B5002406460846C1
:103A30000D46FFF7E1FFDFF834C00246C117C0F1C1
:103A4000000E20465CF8043B55F824702EEA030370
:103A5000DB1940EB00079B1846F8243004F1010401
:103A600041EB07020021082CECD1F8BDBCBA0008DC
:103A700010B50446FFF7CEF804F12800FFF7CEF8A2
:103A800004F15000FFF7CAF804F17800BDE81040D7
:103A9000FFF7C0B838B50A4605460C462831FFF78F
:103AA000D9F82830FFF7E4F804F1500105F150008F
:103AB000FFF7BCF804F1780105F17800024ABDE88F
:103AC0003840FFF7F3BA00BF04BB00082DE9F0430C
:103AD00095B0044616460D460A466846283104F15C
:103AE0002808FFF7B7F80AA8FFF7C2F83246694678
:103AF0006846FFF7DBFA0AA906F1280204F150072D
:103B0000084604F17809FFF7D1FA0AAA6946404647
:103B1000FFF7A0F82046FFF7ABF805F15002384652
:103B20001146FFF797F806F150023946FFF7BEFA43
:103B300006F1780205F178014846FFF7B7FA4A46E0
:103B400039466846FFF786F80AA8FFF791F842461B
:103B500021464846FFF7AAFA0AAA21462046FFF75F
:103B6000A5FA6A4641464046FFF7A0FA0AAA694606
:103B70003846FFF79BFA15B0BDE8F0832DE9F84F02
:103B80000A9E1C460546904618460F460A462831AE
:103B9000FFF760F8304605F1280AFFF769F842465A
:103BA0002146204605F15009FFF780FA08F1280266
:103BB00031463046FFF77AFA324621465046FFF743
:103BC00049F82846FFF754F807F1500205F1780B41
:103BD00048461146FFF73EF808F1500207F1780118
:103BE0005846FFF763FA5A4649462046FFF732F82F
:103BF0003046FFF73DF8524629465846FFF756FA39
:103C0000324629462846FFF751FA22465146504689
:103C1000FFF74CFA324621464846BDE8F84FFFF719
:103C200045BA00002DE9F04714468946074610467C
:103C300004F1280809F1280A04F15005FFF7F4FC03
:103C400051464046FFF7F0FC09F15001284604F1C7
:103C50007806FFF7E9FC294628460222FFF73EF9DD
:103C6000494607F1780952463046FEF7F3FF3146E0
:103C70004846FFF7D9FC224641463046FEF7EAFFA8
:103C80004046FEF7F5FF324649462046FEF7F0FF74
:103C9000424629462846FEF7EBFF2A46214638468B
:103CA000FFF704FA4246314607F12800FFF7FEF914
:103CB0002A46414607F15000FFF7F8F932462146FF
:103CC0004846BDE8F047FFF7F1B9000038B5FC22DF
:103CD00004460D4611462846FFF780FE08B9013A12
:103CE000F8D14FF6FF7301322380E270A37038BD24
:103CF0002DE9F84F9846C37805460E4693420CD1FD
:103D000011464046571EFFF769FE044640463946B5
:103D1000FFF764FE844209D1EF70B5F90030934299
:103D20000CBF95F902000020BDE8F88F511C4FF040
:103D300000098E42A8BF0E4606F1FF3A971B04FA0F
:103D40000AF4BB466442CA450BF1010B09DD594632
:103D50004046FFF743FE00FA09F009F10109044467
:103D6000F1E739464046FFF739FE044463422340F9
:103D700013F0AA0F14BF0120002013F0CC0118BFCC
:103D8000022113F0F00340EA010018BF0423511C84
:103D900003438E1B1E4444FA03F32E80AB70BBE733
:103DA000D0E9103210B5D0F8D04000211B1952F1E3
:103DB000000228BF0121C0E9103231B1D0E912322E
:103DC000013342F10002C0E9123210BD70B50D4658
:103DD000A0F1080600F1780428460835FEF7C0FA7D
:103DE000E6E90201A642F7D170BD0000F8B504462D
:103DF0000D468E180027B54218D0D4F8D030802B4D
:103E000007D12046FFF7CCFF0021FEF705FBC4F8E1
:103E1000D070D4F8D020204615F8011BFEF7D8FE4C
:103E2000D4F8D0300133C4F8D030E4E7F8BD000056
:103E300008B5FEF7E1FA0843B0FA80F0400901380E
:103E400008BD000000231A468B4202D0C254013341
:103E5000FAE7704770B59EB005460C4604266846E2
:103E6000FFF7E2FB69460AA8FFF7DEFB0AA908464E
:103E7000FFF7DAFB0AAA21461046FFF717F90AAA4C
:103E800069466846FFF712F969466846FFF7CCFBBA
:103E90006A460AA96846FFF709F969460AA8FFF7C2
:103EA000C3FB0AA90846FFF7BFFB013EF9D16A46EA
:103EB0000AA968460926FFF7F9F869460AA8FFF734
:103EC000B3FB0AA90846FFF7AFFB013EF9D10AA9E7
:103ED0006A4613260846FFF7E9F80AA914A8FFF76F
:103EE000A3FB14A90846FFF79FFB013EF9D10AAADC
:103EF00014A909261046FFF7D9F80AA90846FFF7C2
:103F000093FB0AA90846FFF78FFB013EF9D16A46E9
:103F10000AA968463126FFF7C9F869460AA8FFF7DB
:103F200083FB0AA90846FFF77FFB013EF9D10AA9E6
:103F30006A4663260846FFF7B9F80AA914A8FFF7EE
:103F400073FB14A90846FFF76FFB013EF9D10AAADB
:103F500014A931261046FFF7A9F80AA90846FFF769
:103F600063FB0AA90846FFF75FFB013EF9D16A46E9
:103F70000AA96846FFF79AF869466846FFF754FBB6
:103F800069466846FFF750FB224669462846FFF718
:103F90008DF828216846FFF755FF0DEB0100FFF76C
:103FA00051FF14A8FFF74EFF1EB070BD10B58CB0C6
:103FB000044602A80191FFF74DFF02A90846FFF74A
:103FC00033FB02A90846FFF72FFB02A9019A084616
:103FD000FFF76CF802A90846FFF726FB019A02A931
:103FE0002046FFF763F8282102A8FFF72BFF0CB04B
:103FF00010BD000070B58AB002460B4601F12806DC
:104000006D461868083353F8041C2C46B34203C4A9
:104010002546F6D11321099B684600244B43694687
:1040200003F180735B160568013408302B4450F8A7
:10403000045C052C05EBA3634FEA6363F3D1132003
:10404000002443430868013408310344052C23F05D
:104050007C4041F8080C51F8040C00EBA3604FEAD7
:10406000606320F07E4041F8040CEBD11046DDE99E
:10407000003143EA8161FEF77FF90299019B101D2F
:10408000C90441EA9311FEF777F90399029B02F103
:104090000800490341EA5331FEF76EF90499039B86
:1040A00002F10C00890141EAD341FEF765F902F102
:1040B0001000DDE9053143EA4161FEF75DF907993A
:1040C000069B02F11400C90441EAD311FEF754F92A
:1040D0000899079B02F11800090341EA5331FEF7E2
:1040E0004BF90999089B02F11C00890141EA13511F
:1040F000FEF742F928216846FFF7A4FE0AB070BD1A
:104100002DE9F04F2DED028B9DB00C46642200216D
:1041100008EE100A03A8FDF7C3FE0DF10C080022FB
:10412000DFF8E0E0414604F13C099246CDF800801A
:104130005EF8043B251F8C4600269846284650F81A
:10414000047FD346DCF800300197019FE8FB073B72
:104150009B194BF1000681454CF8043BEFD101322D
:104160000E640431092AE3D10021202203A8FDF7BF
:1041700097FE002103AB8E461A6C0020DFF888A062
:104180009C4690460646C1F108095AF8047BF3465E
:10419000DCF8002001300197019FE8FB072B921902
:1041A0004BF1000648454CF8042BEED301310433A3
:1041B0000829E1D11C3401210020009B1A6855F820
:1041C000043FD2439B1840EB00025B18009941F872
:1041D000043B009142F10001A542EED103A908463B
:1041E000FFF722FC082203A918EE100AFEF7DAF8FE
:1041F000642103A8FFF726FE1DB0BDEC028BBDE8CD
:10420000F08F00BF14C00008BCBA000810B588B019
:1042100001466846FFF7EEFE9DF800406846202103
:1042200004F00104FFF70EFE204608B010BD0000A8
:1042300030B59FB00D46044650316846FFF7B6FED4
:104240006A4629460AA8FEF731FF6A4605F12801A9
:1042500014A8FEF72BFF14A92046FFF7CBFE0AA8EF
:10426000FFF7D4FFE37F282183EAC010E077684698
:10427000FFF7E8FD0DEB0100FFF7E4FD14A8FFF7E1
:10428000E1FD1FB030BD000010B590B00446102213
:1042900001466846FEF778F869462046FFF730FF8A
:1042A00040216846FFF7CEFD10B010BD10B590B0AC
:1042B0000C4601466846FFF79DFE214608A8FFF719
:1042C00099FE08A96846FFF7B3FD20210446684619
:1042D000FFF7B8FD0DEB0100FFF7B4FD601C10B057
:1042E00010BD0000F0B595B004466846FEF79EFC90
:1042F00069462046FFF7AEFD21460AA8FFF794F96C
:104300000AA96A460846FEF7D1FE6846FEF786FC13
:1043100069460AA8FFF7CAFF694606466846FEF7DF
:104320008FFC0AA8FFF7C2FF104A054668461146EF
:10433000FEF786FC69460AA8FFF7B8FF0746214644
:1043400068460A4AFEF7B2FE45EA07026946204679
:10435000FEF79CFC28210DEB0100FFF773FD68467A
:10436000FFF770FD46EA050015B0F0BD6CBB000814
:10437000DFF880C02DE9F0419046A0B004460E461B
:104380001D4600F108070CF138026346083703CBDD
:10439000934247F8080C47F8041C9C46F5D186EA7E
:1043A0000522124B0021534000222360104B636012
:1043B0000023C4E93416C4E91023C4E912238DB1E3
:1043C0007C2201A80091FDF76BFD2A464146684614
:1043D000FDF740FD694604F15000FFF7F7FC80232C
:1043E000C4F8D03020B0BDE8F08100BF08C9BDF2EC
:1043F00067E6096A34BB0008002340211A46FFF72C
:10440000B7BF00008830FFF7F7BF00002DE9F04785
:1044100004460D4617469AB3D0F8D0604FF0000A14
:1044200004F150094FF08008764206F07F0696426C
:1044300028BF164632463544BE1BFFF7D7FC26F090
:104440007F072F44AF4213D0D4F8D030802B07D150
:104450002046FFF7A5FC0021FDF7DEFFC4F8D0A041
:1044600029464846FFF7B2FC8035C4F8D080E9E71A
:1044700006F07F0239462046BDE8F047FFF7B6BC9C
:10448000BDE8F0878830FFF7C1BF00002DE9F84391
:1044900004460D46D0F8D0607F2E06D83246002163
:1044A00020460136FEF794FBF6E72046A4F1080704
:1044B000FFF776FC0121FDF7AFFFD4F8D4202E469C
:1044C00022F00708A84446450CD057F8081F30468C
:1044D000D7F80490FDF750FF301D08364946FDF728
:1044E0004BFFF0E722F00703D4F8D4209A4217D903
:1044F00003F0070223F00700DE08D100204454F83F
:1045000036204768C1F12006A1F12000CA4007FA11
:1045100006F627FA00F032430243EA540133E3E798
:104520002046D821BDE8F843FFF78CBC8830FFF760
:10453000ADBF000010B5B6B004466846FFF718FFDF
:104540006846DDE93812FFF761FF21466846FFF74C
:104550009DFF36B010BD0000002307B5CDE9001265
:104560001A464021FFF7E6FF03B05DF804FB0000A8
:1045700003689B68184700002DE9F0410E46044689
:1045800015460139024606F13F0042F8043B11F896
:10459000017F814202F8017BF9D16A1E04F16401B6
:1045A00005F11F0012F8017F824201F8017BF9D169
:1045B00020465B6898472368314620469B68202246
:1045C00098472368294620469B682022BDE8F04191
:1045D00018470000014BFFF7CFBF00BF38C00008ED
:1045E000FFF7C6BF2DE9F04F8046ADF56F7D05465C
:1045F00058F8043B16A905F1240A05F16409DB68A3
:1046000026AC984716A8FFF73FFE0822514604A89B
:10461000FDF7BAFE494630A8FEF74CFB3AA8FEF774
:10462000FDFA30A944A8FEF7FFFF864A44A92046B8
:10463000FEF73CFD44A93AAA0846FEF719FB2046BE
:104640002146FEF707FB44A92246FEF72FFD21462F
:104650002046FFF747FE28B94FF0FF300DF56F7D7C
:10466000BDE8F08F224644A92046FEF71FFD2046F4
:10467000FFF7CCFD95F88330B0EBD31F03D0214674
:104680002046FEF7DDFA44A830AA2146FEF70EFDCB
:1046900004A8FFF7B1F90028DED121462046FEF735
:1046A000CFFA44A94EAF0846FEF7CAFA76AA2146C9
:1046B0003846FFF7B7FA21469EA8FFF7EBF99EAA06
:1046C000394676A8FFF702FA76A9C6A8FFF7E2F9FD
:1046D00016A902A8FFF7FAFA03A85146FFF7F6FA5F
:1046E0009DF80B609DF80F3020469E4238BF1E4655
:1046F000FFF7BEF93A4621462046FFF793FA16AB7C
:104700003246032102A8FFF7F3FA05465346052176
:1047100003A8FFF7EDFA002D834623DD6D10A022DC
:104720009EAB02FB053221462046FFF7CFF9BBF1D5
:10473000000F3ADD76AB44494FEA6B0B78220093C9
:10474000204602FB0B120CAB2146FFF717FA013E85
:10475000D0D226A94846FFF76BFD49464046FFF7F1
:1047600067FB7BE7E3D005EBD5756FF09F019EAB50
:1047700080A86D104D435919FEF758FA9EAB05F10C
:10478000280176A81944FEF751FA9EAB05F15001B5
:104790008AA81944FEF74AFA9EAB05F1780194A85D
:1047A0001944FEF74DFA76AABDE7D0D00BEBDB73C8
:1047B000254A6FF0770530A95B100CA803FB05258F
:1047C0002246FEF747FA76A8FEF752FA0CA905F141
:1047D00028020846FEF76AFC76A92A460846FEF734
:1047E00065FC76AA0CA930A8FEF734FA2046FEF73D
:1047F0003FFA3AAA11461046FEF72CFA44A905F1F1
:1048000050020846FEF752FC44AA3AA90CA8FEF74B
:104810002FFA76A8FEF71EFA30AA214644A8FEF722
:1048200045FC76AA21462046FEF740FC30A90CAA9A
:104830000846FEF73BFC76AA0CA93AA8FEF736FC20
:1048400085E700BFDCBA000894BB0008012188425C
:1048500038BF084605F09EB908B105F09FB970470A
:1048600010B5084C01220849002001F0C1FE237850
:104870003BB1064803F030FD044803F063FD00231C
:10488000237010BDE83300204CC00008C83600205B
:104890002DE9F041234C244E236DBBB901224FF486
:1048A000004104F1500005F001FB236D1B686BB95A
:1048B00001224FF4805104F1500005F0F7FA236D06
:1048C0001B681BB900203070BDE8F08133780BB154
:1048D000FFF7C6FF0324154F4FF00008114D134991
:1048E0002846C7F8048003F01FFD284603F058FB54
:1048F00038B1013C284603F025FD14F0FF04E1D057
:10490000EDE70B4901220B4801F072FE014618B198
:10491000284603F0E1FCECE7074800F00FF801201F
:10492000D1E700BFC8360020E83300203C22002039
:104930004CC00008EC33002050C000080FB4002029
:1049400004B07047006870470346006859687047B4
:104950000B0A017043700B0C090E8370C170704715
:10496000110A027003714170110C120E8170C27035
:104970001A0A42711A0C1B0E8271C3717047000033
:10498000C36A0239023B8B4283BF4389006C01FB3F
:104990000300002070470000C2F307238A76CB761D
:1049A0000378032B01BF120C0A75120A4A7570476F
:1049B00000F10B010022D30143EA520310F8012B4E
:1049C00052FA83F38842DAB2F5D1104670470000FC
:1049D00010B5417804460020013102464901022AFF
:1049E00016BFA35C032203EBC03302F101021EBF1A
:1049F0009BB203EB500398B29142F0D810BD000077
:104A000002684AB1134613F8011B1F290DD93A2930
:104A1000F9D1911C8B4202D04FF0FF3070471278D1
:104A2000302AF9D1036000207047014B1878704795
:104A30003836002038B50D46044618B90920002341
:104A40002B6038BD0368002BF8D01A78002AF5D007
:104A50008188DA889142F1D1587804F00BFC10F08B
:104A60000100EBD12368EBE738B50D4640F2523137
:104A7000144602F0B9F9FF2807D9012C0BD9030A13
:104A8000022468702B70204638BD30B1002CFAD05B
:104A900001242870F7E70024F5E70446F3E7000057
:104AA0002DE9F8430026D0F8008005460C468E76A6
:104AB000836B002B4AD098F80030042B4BD133463F
:104AC0003546402720E0B7F5187F80F0C480F9060E
:104AD00006F1010608BF0237D05B02372BB900F59B
:104AE000205292B2B2F5006F0DD305F11A01C5F153
:104AF000FF0240EA03402144FFF7B6FF002800F020
:104B0000AA80054400200346D8F8102092F823100C
:104B1000B142D8D8002B40F09E80002D00F09B8041
:104B200000232544AB766373D8F81020137903F083
:104B30003701DB0621730BD402F13800FFF704FFC5
:104B4000C4E9000193896381D3892381BDE8F88397
:104B500000200146F4E7C36C01335ED1EA6B002309
:104B60002E26551E184615F8011F013020290CD09D
:104B7000052908BFE521092804D10B2B9EBFE718A2
:104B800001337E73E718013379730B28EBD1E118F9
:104B900000204873A17E00294BD1002B40D06FF03C
:104BA0000C0604F10D000825361B331810F8011B04
:104BB000002938D02E298BB24AD0A3F141011929FE
:104BC00003D8117B0D4200D020330373EDE7B9F118
:104BD000000F05D100F520539BB2B3F5006F0BD346
:104BE00007F11A01C7F1FF0240EA09402144FFF72B
:104BF0003BFF48B10744002002368146D8F80C300C
:104C0000985B0028E3D13846B9F1000F4FF000025D
:104C100018BF002023189A76A0E7B1463746EDE783
:104C20003F23A3760123234400219976137B03B904
:104C30006373D37A02F11C0003F03F032373002354
:104C4000FFF780FE20606360D38A6381138B7CE76B
:104C500010250B46B9E73F230125A37660E7000046
:104C600038B50546002435F8020B08B9204638BD92
:104C700002F0EEF86308C2B203EBC43312FA83F316
:104C80009AB2C0F3072303EB520303EBC2339CB287
:104C9000E9E7000037B5C37804461BB9002528466C
:104CA00003B030BD00F14C01826C012340780191CA
:104CB00004F006FB054680B9A36BE070A06C226B84
:104CC000C31A9342EAD2A3780199022BE6D1024497
:104CD0000123607804F0F4FAE1E70125DFE7000042
:104CE00038B5836C05460C468B4210D0FFF7D2FFD7
:104CF00060B92246012305F14C01687804F0BCFA42
:104D000000281CBF4FF0FF340120AC6438BD0020E8
:104D1000FCE7000038B500230446C3704FF0FF33B2
:104D20008364FFF7DDFF00284BD1B4F84A524AF6FE
:104D300055239D4207D10B22254904F14C0006F072
:104D4000BFFD00283FD094F84C30EB2B03D0183334
:104D5000DBB2012B2ED84AF655239D4206D10822FC
:104D60001C4904F19E0006F0ABFD48B3B4F857307F
:104D7000B3F5007F1ED194F85930DBB15A1E1A42A8
:104D800018D1B4F85A30ABB194F85C30013B012B28
:104D900010D8B4F85D306BB1B4F85F307F2B06D813
:104DA00004F16C00FFF7CEFDB0F5803F02D3B4F8FC
:104DB000623053B94AF6552085420CBF02200320C9
:104DC00038BD0420FCE70120FAE70020F8E700BF27
:104DD0007CC0000888C0000802392DE9F04701F0C6
:104DE00007044FF0010A466C05460AFA04F4174618
:104DF000984606EB1136C1F3C809E4B2314628469D
:104E00000136FFF76DFF18B10120BDE8F087994624
:104E100005EB090292F84C30234214BF0121002116
:104E2000414513D06340013F82F84C3085F803A020
:104E3000EBD0640014F0FF04EAD109F1010301246E
:104E40004FF00009B3F5007FE1D1D7E70220DCE79E
:104E500001290246F8B50C4640F28C800668F36AD8
:104E60008B4240F287803378013B032B00F2828033
:104E7000DFE803F00229384B04EB5405B16B3046F0
:104E800001EB5521FFF72CFF10B14FF0FF30F8BDBB
:104E90006F1CC5F30805B16B3046354401EB572153
:104EA00095F84C50FFF71CFF0028EED1C7F3080718
:104EB000E3073E4496F84C0045EA00204CBF000949
:104EC000C0F30B00E3E7B16B304601EB1421FFF7B1
:104ED00007FF0028D9D1640004F4FF742644B6F813
:104EE0004C00D4E7B16B304601EBD411FFF7F8FE6C
:104EF0000028CAD1A40006F14C0004F4FE7420443A
:104F0000FFF720FD20F07040C1E7D0E90430D579EB
:104F100053EA000101D0916801B95DBB9168022D8F
:104F2000A4EB01010DD1013B728940F1FF305B0A16
:104F300043EAC053B3FBF2F399421BD81CD0601C68
:104F4000A5E7032D02D193698B42F8D8D3699BB9A9
:104F5000B16B304601EBD411FFF7C2FE002894D1AB
:104F6000A0004C3600F4FE703044FFF7EBFC20F05C
:104F700000408CE701208AE76FF0004087E70000DF
:104F8000F8B5066804460D463378042B0CBF4FF085
:104F900080524FF400128A4201D80220F8BDCA069E
:104FA000FBD182680163D2B9022B13D83389B3EBEA
:104FB000551FF2D9F36BA363A36B6263002BECD094
:104FC00003EB55234C36C5F308050020A363354495
:104FD000E563E3E7F36BC271002BE7D01A467789EC
:104FE0007F02BD42114604D23046FFF7C9FCA063E0
:104FF000E2E72046FFF72CFF431C024606D00128BB
:10500000CBD9F36A8342C8D9ED1BEAE70120C5E793
:1050100001292DE9F04706460C46174608D9C36A10
:105020008B4205D90378022B62D003D8012B22D002
:10503000022552E0033B012BFAD8816B01EBD4111E
:10504000FFF74EFE0546002847D1A40006F14C03A9
:1050500004F4FE741C443378042B07D0204627F058
:105060007047FFF76FFC00F0704007433946204659
:10507000FFF76EFC2FE001EB5108816B01EB58212B
:10508000FFF72EFE054640BB14F0010406F14C0963
:1050900008F1010AC8F3080808BFFBB230461FBF79
:1050A00019F8083003F00F023B0103F0F00318BFBA
:1050B000134309F808300123B16BF37001EB5A2157
:1050C000FFF70EFE054640B9CAF3080A44B1C7F31C
:1050D000071709F80A700123F3702846BDE8F08726
:1050E00019F80A30C7F3032723F00F031F43F0E733
:1050F000816B01EB1421FFF7F3FD05460028ECD18D
:10510000640006F14C0304F4FF741F551919C7F32A
:1051100007274F70DFE70000F8B504460E46174634
:10512000E3690BB91846F8BD012BA6EB030520680F
:1051300014BFAA1C3A46691CFFF76AFF0028F2D187
:10514000E369013BE361EBE701292DE9F8430646FA
:105150000C461746056802D80220BDE8F883EB6AC2
:105160008B42F9D97AB9A14621463046A046FFF7CD
:105170006FFE0446B0B92B78042B02D1002F43D127
:10518000F7710020E9E72B78042B02D1C379022BB9
:10519000E9D04FF0FF3239462846FFF739FF0028A3
:1051A000E1D0DAE70128D7D0421C01D10120D4E7B1
:1051B0002B78042B19D1EA6AAB69023A93421CD3CB
:1051C00008F10102A2420CD02B78042B08D1002355
:1051D000A2EB090249462846FFF7FEFD0028BCD194
:1051E000A146EB6AA342BFD8C5E700224146284644
:1051F000FFF70EFF0028DED0AFE70133AB612B795C
:1052000043F001032B71DBE7F3798BB9B468BC423F
:1052100002D10223F371B4E721463046FFF718FEAE
:10522000012899D9431CC1D001348442EFD0A8E7AA
:10523000032BA6D1B368BB42A3D8B2691344BB42C7
:105240009FD3E6E770B5C3790446032B06D1816886
:105250008369CD18A94203D10023E371002070BDFA
:105260004E1C20683246FFF7D3FE0028F7D13146A6
:10527000F0E700002DE9F74305460191FFF70AFD2D
:105280000446002849D105F14C09019928464FF4FC
:105290000072FFF775FB2146A86407464846FCF7F5
:1052A000FFFD6C896402B4F5004F28BF4FF4004441
:1052B000B4F5007F2FD9204604F074FC804630B14D
:1052C00022460021640A0026FCF7EAFD09E0640892
:1052D000EEE72346BA194146687803F0F1FF18B9A2
:1052E00026446B899E42F4D3404604F06BFC6889E7
:1052F000801B18BF012003B0BDE8F08301366B8925
:105300009E42F4D20123BA194946687803F0D8FFC7
:105310000028F3D0EBE70026F1E70120EBE70000DF
:10532000F8B50446FFF7B6FC0546002842D12378BD
:10533000032B37D12779012F34D104F14C060146D4
:105340004FF400723046FCF7ABFD55234122722129
:1053500084F84A32AA2304F50D7084F84F2084F8AB
:105360004B32522384F8301284F84C3084F84D309C
:10537000612384F8311284F84E3084F83332A16905
:1053800084F83222FFF7E4FA616904F50E70FFF742
:10539000DFFA626B3B46314601326078A26403F06B
:1053A0008FFF257100226078114603F0ADFF0038B1
:1053B00018BF0120F8BD000000232DE9F0430B6069
:1053C00085B00F461546FFF71BFB061EC0F2B281E3
:1053D000804B53F82640002C00F0AE813C6005F075
:1053E000FE0523786BB1607803F044FFC70708D44B
:1053F0001DB110F0040500D00A25284605B0BDE80F
:10540000F0830023F0B22370607003F01FFFC10728
:1054100000F194810DB14207EED400212046FFF740
:1054200079FC022840F099806E4604F2122304F2BF
:105430005221324618461033FFF784FA42F8040B23
:105440008B42F7D1002556F8041B00297DD0204659
:10545000FFF760FC012879D80128A26C40F0C080D9
:1054600004F1570304F18C0113F8015B002D7BD18B
:105470008B42F9D1B4F8B430B3F5807F74D194F88D
:10548000B830092B70D104F19400FFF75DFA4FF0AA
:10549000FF33171841F10001BB4275EB010363D3E1
:1054A00004F1A000FFF74EFA94F8BA302063012B04
:1054B000A37059D194F8B99003FA09F91FFA89F346
:1054C0006381002B50D0444B04F1A800FFF73AFA57
:1054D0000646984248D8831C626304F1A400E36244
:1054E000FFF730FA00EB020804F19C00C4F840809A
:1054F000FFF728FA10441FFA89F2A06306FB02F3B3
:1055000013EB080345EB05029F4271EB02032BD31B
:105510002E4604F1AC00FFF715FAE06365B9638924
:10552000B34221D9E16B2046FFF72AFA81192046C0
:10553000FFF7D6FB98B90136631993F84C30812BED
:1055400014D02035C5F30805E8E703200135042D04
:105550007FF479AF042807D101E0042801D10125A7
:105560004BE701287FF678AF0D2546E705F11400DB
:1055700004F14C063044FFF7E5F901280546F3D95C
:10558000E36A8342F0D96189821E236C02FB0133F6
:105590006364A16B204601EBD511FFF7A1FB002846
:1055A000DDD105F07F0006EB8000FFF7CBF9431C4F
:1055B00003D00135A842ECD0D6E70425C4E90500A4
:1055C000064A257000251388E56101339BB21380DC
:1055D000E38012E73C360020FDFFFF7F40360020CD
:1055E000B4F85730B3F5007FBED1B4F8626026B985
:1055F00004F17000FFF7A6F9064694F85C302663C4
:10560000591EA3700129AFD894F859506581002D17
:10561000AAD0691E2942A7D1B4F85D8018F00F0FF7
:10562000A4F80880A0D1B4F85F0018B904F16C00A8
:10563000FFF788F9B4F85A10002995D006FB03FE4D
:1056400001EB181CF44460458ED3A0EB0C00A8427B
:10565000B0FBF5F388D33E48834285D84FF6F5700A
:1056600083426DD903259F1C114402EB0C03032DCB
:10567000E7626263A16323644CD1B4F8763053EAE5
:1056800008037FF471AFBB0004F17800FFF75AF90B
:10569000E06303F2FF13B6EB532FFFF465AF4FF057
:1056A000FF33032DC4E905334FF08003237187D105
:1056B000B4F87C30012B83D1511C2046FFF710FB3E
:1056C00000287FF47DAFB4F84A224AF655232071B2
:1056D0009A427FF475AF1F4B04F14C00FFF732F98B
:1056E00098427FF46DAF03F1FF5304F50C70FFF7A0
:1056F00029F903F50053203398427FF461AF04F594
:105700000D70FFF71FF9A06104F50E70FFF71AF98D
:10571000606155E7B8F1000F3FF426AF7144022DE8
:105720004FEA4703E1631EBFD91907F0010303EBFA
:105730005103AEE70B2560E60C255EE603255CE62B
:1057400040F6F575AB428CBF022501258BE700BF03
:10575000F5FFFF0F525261412DE9F84F07460568EA
:10576000884649B96E69C6B1EB6AB34298BF012653
:10577000AB69A3B9002405E0FFF76AFB01280446E2
:1057800003D801242046BDE8F88F421C00F0D280E7
:10579000EB6A8342F6D84646EAE70126E8E72A782C
:1057A000EB6A042A40F08380A6F1020A023B4FF024
:1057B000010B9A4528BF4FF0000AD146696C284674
:1057C00001EB1931FFF78CFA00283BD109F00703F0
:1057D000EA6AC9F3C8010BFA03F3901EDBB26A1838
:1057E0004C4609F1010992F84C20814502EA030276
:1057F00033BF5B0000234FF40071DBB228BF994632
:10580000B2B90234631E0333BCD8012321462846B3
:105810001A46FFF7E1FA0228B3D0012800F08A8087
:10582000B8F1000F13D10223FB710028A9D130E099
:10583000CA450AD0002BD2D10131B1F5007FBDD2CB
:105840000123CCE74FF0FF34DCE70024DAE7FB79F3
:10585000022B07D1731CA342E7D0BB68F31ABB61CC
:105860000323FB7108F10102FB69A24205D113B1C8
:105870000133FB61D9E70223FBE70BB90123FB618D
:10588000224641463846FFF747FC00284FD1012306
:10589000FB61EA6AAB69023A6C6193429CBF03F117
:1058A000FF33AB612B7943F001032B716AE7464567
:1058B00014D1741C3846A34298BF02242146FFF736
:1058C000C7FA01283FF45DAF431C33D0E0B16B69E8
:1058D000012B03D9EA6A934238BF1E46344601348D
:1058E000EB6AA34203D8012E7FF644AF022421467F
:1058F0003846FFF7ADFA48B101283FF442AF013016
:1059000018D0B442EBD135E7002CE7D04FF0FF328E
:1059100021462846FFF77CFB48B9B8F1000FB8D004
:10592000224641462846FFF773FB0028B1D00128E4
:105930007FF427AF4FF0FF3424E700002DE9F84350
:1059400006680446076B894633782037042B0CBF62
:105950004FF080534FF40013BB429CBF002383637E
:10596000836B73B1C7F30808B8F1000F3CD1013362
:10597000416B836339B93389B3EB571F34D80023A4
:10598000A36304200AE07389013B13EA57232BD158
:10599000FFF75EFA0128054602D80220BDE8F88329
:1059A000421C01D10120F9E7F36A834216D8B9F10C
:1059B000000FE4D0616B2046FFF7CEFE0546C8B16C
:1059C0000128EAD0431CEDD001463046FFF752FCD7
:1059D0000028E7D1E37943F00403E3712946304618
:1059E0006563FEF7CDFFA0634C3600202763464475
:1059F000E663D3E70720D1E7F8B50E460021044659
:105A00000768FFF7BDFA98B90546A16B3846FFF75E
:105A100067F968B93A78E36B042A1B780CD11B0646
:105A20000ED5054601212046FFF788FF0028ECD05F
:105A3000042808BF072006E0E52B01D0002BF0D199
:105A40000135B542EED1F8BDC16C4B1C2DE9F041DA
:105A500004460568066B1FD1E5274FF00108A16BCE
:105A60002846FFF73DF998B92A78E36B042A09BF65
:105A70001A781F7002F07F021A7085F80380236B7A
:105A8000B3420DD200212046FFF758FF0028E6D090
:105A9000042808BF022003E0FFF772FA0028DBD0D9
:105AA000BDE8F0812DE9F04105460068A96B066963
:105AB000FFF716F9044620B9EB6B1A78852A03D054
:105AC00002242046BDE8F081324603F1200153F85C
:105AD000040B8B4242F8040BF9D1777801377F0130
:105AE000A7F16003B3F5007FEAD800212846FFF74D
:105AF00025FF04280446E3D00028E2D1A96B2868DA
:105B0000FFF7EEF804460028DBD1EB6B1A78C02AC9
:105B1000D6D106F1200203F1200153F8040B8B4289
:105B200042F8040BF9D196F823300F222C33B3FB43
:105B3000F2F3B7EB431FC3D34FF0400800212846D0
:105B4000FFF7FCFE04280446BAD00028B9D1A96B9F
:105B50002868FFF7C5F804460028B2D1EB6B1A7825
:105B6000C12AADD1B8F5187F09D206EB080203F1BE
:105B7000200153F8040B8B4242F8040BF9D108F1D1
:105B800020084745DAD8B8F5187F9AD83046FEF78E
:105B90001FFF7388834294D092E700000B680022B5
:105BA00010B5036004460B6A83604B6AC261C3711F
:105BB00023F0FF03896AC0E90432C164FFF7E0F90A
:105BC00020B92046BDE81040FFF76CBF10BD0000B3
:105BD000F8B50368054601271C692046FEF7F8FE64
:105BE000A070000A6678E0702846E96CFFF7C8F9F3
:105BF00020B1022828BF0220C0B2F8BDA96B2868D6
:105C0000FFF76EF80028F4D1EB6B04F1200254F892
:105C1000041B944243F8041BF9D12B68DF70002E5B
:105C2000E7D000212846013EFFF788FEE0E70000AC
:105C30002DE9F8434FF0FF0806460768042445465F
:105C40004FF6FF79B16B11B9002C73D063E0384681
:105C5000FFF746F8044600285DD1F06B0378002B6F
:105C60006ED03A78042A11D1852B4DD1336B304652
:105C7000F364FFF717FF044600284CD13B691B79FA
:105C800003F03F03B3712046BDE8F883C27AE52BE9
:105C900002F03F02B27143D02E2B41D022F02001FE
:105CA00008293DD00F2A40D1590637D503F0BF054A
:105CB000336B90F80D80F364437B434530D1428BC6
:105CC00072BB03780D21FC6823F04003DFF874E019
:105CD000013B4B4301211EF801CB30F80CC009B346
:105CE000FF2B1DD824F813C06146013301320D2A61
:105CF000F1D10278520605D521B1FF2B10D8002230
:105D000024F81320013DEDB200213046FFF716FEC6
:105D10000446002896D00023B363B4E7AB42CBD04F
:105D2000FF25F1E7CC45E1D0FAE72DB9FEF740FEBB
:105D3000404501D10024A6E74FF0FF33F364A2E70A
:105D40000424E8E724C100082DE9F04F002187B0C2
:105D50000446D0F80090FFF713F9804670B999F81F
:105D60000030042B33D1D9F80C00FEF779FF074639
:105D70002046FFF75DFF054620B18046404607B04C
:105D8000BDE8F08FD9F810309A8CBA42F0D193F870
:105D900023B040265D4506D1D9F80C3033F81530D4
:105DA000002BE5D1EAE7F106D9F8103008BF02363A
:105DB000985B01F04DF8D9F80C30824633F81500A5
:105DC00001F046F88245D3D102360135E2E74FF0C3
:105DD000FF0A4FF0FF3B5546C4F84CB0A16B484654
:105DE000FEF77EFF00285CD1E66B3778002F77D076
:105DF000F27AE52F02F03F03A37103D0120704D516
:105E00000F2B04D0C4F84CB04FE00F2B54D194F8B2
:105E10004B3058063FD4790645D5236B07F0BF07B2
:105E200096F80DA0E364737B53453ED1738B002B32
:105E30003BD135780121D9F80C3005F03F050193AD
:105E40000D23013D5D43284B13F8012BB25A71B36A
:105E5000FF2D059329D81046049200F0F9FF6B1C22
:105E600003900293019B33F8150000F0F1FF0399B2
:105E700081421AD1049A029D1146059B1B4A934206
:105E8000E2D133785A0604D519B1019B33F81530A5
:105E90005BB97D1EEDB200212046FFF74FFD0028C3
:105EA0009CD080466AE7BD42BDD0FF25F3E74FF6A0
:105EB000FF708242E2D0F8E72DB93046FEF778FD58
:105EC00050453FF45BAF94F84B30DB079AD40B227C
:105ED00004F14001304605F0F3FC002892D14DE773
:105EE0004FF004084AE700BF24C1000831C1000890
:105EF0002DE9F04F90F84BB099B004461BF0A00587
:105F000040F068810668F26832F81530002B4AD1FB
:105F10003378042B40F087800F230E352046B5FBE5
:105F2000F3F5A91CFFF768FD8146002877D1236BA4
:105F30000135A3EB4515E3795A07E56435D523F020
:105F400004032046E371FFF77DF950BB4FF0FF32A9
:105F5000616B2046FFF7E0F818BBA3682BB321461E
:105F600004A8FFF71BFEE0B970894FF40071D4E973
:105F70000423E0FB01233069C4E904233830FEF731
:105F8000EFFC3069D4E904232830FEF7E9FCE3791B
:105F9000326904A843F0010382F82130FFF718FEAC
:105FA00018B181463BE00135AEE7D6E90354402203
:105FB00000212046FBF774FF852301214022237036
:105FC000C0234FF0C10C04EB010884F820300023FB
:105FD0001E469E46571C04F802C0F0B2023204F876
:105FE00007E021B135F8131009B10133DBB20F0A14
:105FF000A15408F802700232D706F2D135F81370B6
:106000000136002FE6D184F82330831C28466370C4
:10601000FEF726FE84F82400000A84F8250048468E
:1060200019B0BDE8F08F04F140070DF1100A1BF024
:10603000010F97E807008AE8070000F0D3804023AB
:106040004FF0010884F84B30BC46F368B8F1050FF7
:106050009AE80700ACE803002CF8022B4FEA124242
:106060008CF8002059D9981E424630F8021F0029AA
:1060700042D10DF10F0C072102F00F0E91461209CB
:106080000EF13000392888BF0EF1370001390CF8C5
:10609000010902D0B9F10F0FEED818AB7E205A18C3
:1060A00002F8580C38460022914206D010F801CB75
:1060B00002F1010EBCF1200F31D104F13F0C072990
:1060C00002F1010297BF18AB20205818013198BF88
:1060D00010F8580C072A0CF80200F0D92046FFF7F8
:1060E00033FE8146002878D108F10108B8F1640F29
:1060F000AAD14FF0070992E74FF0100C01F0010E02
:1061000049080EEB4202D30344BF82F4883282F086
:106110002102BCF1010CF1D1A7E74246A9E7724682
:10612000C2E7216B2046A1EB4511FEF729FF81460E
:1061300000287FF474AF4FF6FF783846FEF738FC3E
:106140000190A16B3046FEF7CBFD814600287FF41D
:1061500066AFE36BE9B2019A4FF00D0CD6F80CE094
:106160005A734FF00F02DFF8E0A0DA724A1E18737C
:106170000CFB02F284469876D87640451AF8019BCB
:106180000CF1010C18BF3EF8120003EB090B18BF0D
:10619000013203F809004FEA1029002808BF4046E1
:1061A000BCF10D0F8BF80190E7D1404502D03EF8CD
:1061B00012200AB941F04001197001230021204644
:1061C000F370FFF7BBFB814600287FF428AF013D49
:1061D000B7D11BE04FF0060921E704287FF41FAF79
:1061E00084F84BB01BF0020F20461BBF0C350D216D
:1061F0000125B5FBF1F518BF01352946FFF7FCFB7A
:10620000814600287FF40BAF013D8AD1A16B304657
:10621000FEF766FD814600287FF401AF014620228B
:10622000E06BFBF73DFEE36B03CF18605960BA7873
:1062300039889A72198194F84B30E26B03F0180395
:1062400013730123F370EAE624C1000810B5044675
:106250000A463430FEF776FB886004F13800FEF71A
:1062600073FBC2E9040194F8213003F00203D371F7
:106270000023D36110BD000003284B8B04BF8A8A22
:1062800043EA0243184670472DE9F04F0B7899B066
:10629000044689462F2BD0F800B001D05C2B09D1E1
:1062A0004A461378914601322F2BFAD05C2BF8D056
:1062B000002301E0DBF81C30A3600023E3619BF8BE
:1062C0000030042B1ED1A368E3B1DBF82030214657
:1062D00004A82362DBF824306362DBF82830A36271
:1062E000FFF75CFC0346002854D1DBF8102002F1D4
:1062F0003800FEF727FBC4E9040392F8213003F0CD
:106300000203E37199F800301F2B00F235818023DE
:106310000021204684F84B3019B0BDE8F04FFEF75D
:106320002FBE49460B78894601312F2BFAD05C2BC2
:10633000F8D01F2B8CBF00250425012F2FD11388E7
:106340002E2B31D1002322F8173004F140029F4256
:106350008CBF2E21202101330B2B02F8011BF6D11B
:1063600045F02005204684F84B50FFF7EDFC94F8EB
:106370004B30002800F0E78004280BD1990603F089
:10638000040240F1DC80002A00F0F6808023002027
:1063900084F84B3019B0BDE8F08F0425CDE7022F0B
:1063A00002D153882E2BCAD0911E87BB002322F81E
:1063B0001730002F00F0118132F813001946013315
:1063C0002028F9D009B92E2801D145F00305901EE7
:1063D00030F817302E2B01D0013FF9D14FF0203388
:1063E0004FF0000A6364D0462364C4F847300823A2
:1063F000481C32F811600090F6B1202E03D02E2EEA
:106400000DD1B84210D045F003050099F0E731F8FE
:106410001730202B01D02E2BC8D1013FC5E79A455C
:1064200005D20099B9423BD10B2B30D101E00B2BA7
:1064300027D145F003050B2394F84020E52A04BF3B
:10644000052284F84020082B04BF4FEA88085FFA31
:1064500088F808F00C030C2B03D008F00303032B7F
:1064600001D145F00205A8073FF57CAF18F0010FF8
:1064700018BF45F0100518F0040F18BF45F00805C7
:1064800070E70099B94202D045F00305D4D84FEA2D
:1064900088080B234FF0080A00975FFA88F8B4E7E2
:1064A0007F2E15D9304640F25231CDE9022345F016
:1064B0000203019300F098FC10F0800F0646DDE91E
:1064C000022316D000F07F0646498E5D019D46B33B
:1064D00031464548CDE9012305F03EFADDE90123C7
:1064E000F8B9A6F1410189B219291ED848F002086D
:1064F00010E0FF28EAD9591E8A4503D345F0030569
:106500009A4682E704EB0A01000A0AF1010A019D9A
:1065100081F8400004EB0A010AF1010A81F84060A9
:1065200073E745F003055F26F4E7A6F1610189B240
:1065300019299EBF203E48F00108B6B2EAE7002ABA
:1065400008BF052026E75A073FF524AFA379DB06ED
:1065500045D59BF80000042835D1A3682146E2798F
:1065600023622369DBF8100023F0FF031343636207
:10657000E36CA362FFF76AFE23680027DA6819F864
:10658000010B00283FF409AF40F25231009200F0B5
:106590004BFC054608B31F28009A7FF6FEAE2F2855
:1065A0003FF4BFAE5C283FF4BCAE7F2805D801465F
:1065B0000E4805F0D1F9009A78B9FF2F0DD022F8D6
:1065C00017500137DBE7216B0BF14C03C1F30801D6
:1065D0001944FFF751FEA060CEE70620DAE6052059
:1065E000D8E600BFA4C000089DC0000894C0000801
:1065F0001FB5CDE9001003A814460391FEF700FA79
:10660000002815DB0B4A52F820300BB1002119701D
:10661000019B0BB10021197042F820302CB10022EF
:1066200001A96846FEF7C8FE0446204604B010BD26
:106630000B24FAE73C3600202DE9F04798B090464D
:1066400005460191002800F0528102F03F0603A99F
:1066500001A83246FEF7B0FE002840F04681039BB9
:106660004FF48C60049303F09DFA0746002800F075
:106670004081039B00F500720199D86004A81A615B
:10668000FFF702FE044620B99DF95B30002BB8BF2E
:10669000062418F01C0F00F0CD80002C4CD0042CE8
:1066A00040D104A8FFF724FC044600283AD146F064
:1066B0000806039B1A78042A40F08380186929464B
:1066C0002B60FFF7C3FD039B1E22002118690230D7
:1066D000FBF7E6FB039C00211A2220692630FBF71A
:1066E000DFFB236920221A71246903F095FA014621
:1066F000012208342046FEF72BF9039B04A81B69EE
:1067000083F82120FFF764FA044658B9A96801B359
:1067100002462846FEF718FDAB68039A0446013B83
:106720005361B4B1384603F04DFA0CB100232B602D
:10673000204618B0BDE8F0879DF8163013F0110F11
:1067400040F0848018F0040F40F0C98018F0080F62
:10675000AFD1039A31071399936C48BF46F04006B6
:10676000E964AB641078042872D1069B9DF8171079
:106770002B62089B106923F0FF030B4329466B62D1
:10678000179BAB62FFF762FDDDF80CA0002400222E
:1067900005F15008BAF8063021464046C5F800A079
:1067A000AB80002385F8306085F831406C64C5E922
:1067B0000E234FF40072FBF773FBB20653D4002490
:1067C000B0E703F029FA0146009013980E30FEF767
:1067D000BFF8139800991630FEF7BAF8039C139986
:1067E0002078FFF749FD202300228046CB72204607
:1067F0001399FEF7D1F8139B002201211A775A77DB
:106800009A77DA77039BD970B8F1000FA1D041468F
:1068100004A8D3F84890FEF797FC0446002881D1DD
:1068200049460398FEF75CFA039B044608F1FF30E3
:10683000586176E7002C7FF475AF9DF81630DC06C2
:106840004FD418F0020F84D0D80782D5072469E707
:10685000FFF712FD0023A86001F11C00FEF772F89B
:106860006B61286190E7D5E9046956EA0903A6D06F
:10687000BAF80AA0A9684FEA4A2AC5E90E69B245E2
:1068800074EB09031BD300242964002C7FF44AAF66
:10689000C6F30803002B92D0039C2046FEF770F845
:1068A00008B3760A0123414646EAC95682196A644A
:1068B000607802F0E1FC041E18BF012432E728468C
:1068C000FEF7C6FAB6EB0A06014669F1000901288F
:1068D00003D9431CD3D10124D6E70224D4E70824EA
:1068E00020E704241EE702241CE704461EE70924CF
:1068F0001EE711241CE700002DE9F04F994685B0F2
:106900000023884603A90446C9F800301646FEF75E
:1069100091F8054680BB94F831506DBB94F8303047
:1069200013F00103009300F0A68004F1500AD4E9AB
:106930000432D4E90E011B1A62EB0102B34272F178
:10694000000238BF1E46BEB1D4E90E10C1F30803E1
:10695000002B40F08280039B5A894B0A013A43EA9C
:10696000C0531A401BD151EA000309D1A068012885
:106970000DD8022584F83150284605B0BDE8F08FC7
:10698000216C20460192FEF763FA019AEFE7431C5F
:1069900004D10123009D84F83130EDE72064DDF857
:1069A0000CB0216C5846FDF7EBFF0028E1D0B6F59E
:1069B000007F02EB000731D3BBF80A1002EB562030
:1069C000730A88429BF8010088BF8B1A3A464146F9
:1069D000019302F051FC0028DBD194F93020019B97
:1069E000002A0BDA606CC01B984207D24FF4007289
:1069F000514608EB4020FBF72DFA019B5F02D9F8C6
:106A00000030F61BB8443B44C9F80030D4E90E32DC
:106A1000DB1942F10002C4E90E3294E7626CBA421B
:106A20001AD094F93030002B0DDA012351469BF82F
:106A3000010002F045FC0028ABD194F8303003F09F
:106A40007F0384F83030039801233A46514640785A
:106A500002F012FC00289CD16764A16B4046C1F390
:106A60000801C1F500775144B74228BF37463A467E
:106A7000FBF7F0F9C3E707257EE7000070B596B095
:106A80000E460022019002A901A8FEF795FC0446DB
:106A9000E0B94FF48C6003F085F80546D8B1029B4D
:106AA00000F500720199D86002A81A61FFF7ECFBAB
:106AB000044640B99DF95330002B0ADB1EB1314624
:106AC00002A8FDF7EDFF284603F07CF8204616B03B
:106AD00070BD0624F7E71124F8E7000070B5B8B0E0
:106AE0000222019003A901A8FEF766FC044608BB38
:106AF000039B4FF48C60109303F054F80546002874
:106B000066D0039B00F500720199D86010A81A6145
:106B1000FFF7BAFB044650B99DF88B30980655D460
:106B2000190653D49DF84630DA0706D507242846BF
:106B300003F048F8204638B070BD039B04931878E2
:106B4000042814D104A91869FFF780FB069E9DF85C
:106B50004630DB0610D410A8FEF776FF0446002866
:106B6000E5D156BB0398FEF7DBFB0446DFE71F9930
:106B7000FFF782FB0646EAE7039BDA69B242D5D00B
:106B800024930021269624A81B78042B01BFDDE95D
:106B90000823CDE928239DF817308DF89730FEF7AC
:106BA000EFF904460028C2D124A8FFF741F80446B3
:106BB0000028BBD00428BAD1CDE70246314604A84C
:106BC000FEF7C2FA04460028B1D1CBE70624AEE7AF
:106BD0001124AFE7F0B5BDB0CDE900106846FDF770
:106BE0000FFF022203A901A8FEF7E6FB04460028D6
:106BF00041D1039B4FF48C60149302F0D3FF054600
:106C0000002800F0EE80039B00F5007214AE01999D
:106C1000D8601A613046FFF737FB044640BB9DF849
:106C20009B3013F0A00F40F0D880039B009F1A7890
:106C3000042A68D11B6904AC03F1400C18680833BE
:106C400053F8041C2246634503C21446F6D1502271
:106C5000314628A8FBF7FEF8394628A8FFF714FBB1
:106C6000044600284CD12A9A169B9A4206D0082442
:106C7000284602F0A7FF20463DB0F0BD349A209B85
:106C80009A42F4D128A8FFF733F904460028EFD13F
:106C9000039B04AF1B6993F801E093F823C09C8C1D
:106CA0003A46083303CAB24243F8080C43F8041CBE
:106CB0001746F5D1039B28A81B6983F801E0039BC5
:106CC0001A6982F823C01A6982F82440240A82F8DB
:106CD00025401A691379D9065CBF43F0200313716C
:106CE000FEF776FF04460028C2D13046FEF7ACFE20
:106CF00004460028BCD10398FEF712FB0446B7E710
:106D00000428B5D1BEE7239A04AB02F1200C106829
:106D1000083252F8041C1C46624503C42346F6D1CF
:106D20005022314628A8FBF795F8394628A8FFF7E6
:106D3000ABFA044600284CD12A9A169B9A4296D167
:106D4000349A209B9A4292D128A8FFF7D1F80446A2
:106D500000288DD137990DF11D030DF12D0001F1A2
:106D60000D0253F8044B834242F8044BF9D11888C2
:106D7000012710809B7893709DF81B30039CDA06E6
:106D800058BF43F02003CB72E770CB7ADB06ACD55B
:106D9000169A2A9B9A42A8D02078FFF76DFA0146EE
:106DA0002046FDF7EDFD0146C8B12046FDF798FFEE
:106DB000044600287FF45CAF039890F86D302E2BCA
:106DC00093D12A9A00F16C01FDF7E6FD039BDF7079
:106DD0008BE704287FF44CAFB6E7062448E702248B
:106DE00046E7112447E700007F2810B501D880B29C
:106DF00010BDB0F5803F13D240F2523399420FD10B
:106E00000849002231F8024B93B2844203D103F1C6
:106E10008000C0B2ECE70132802AF3D11346F6E7D6
:106E20000020E5E7E4C300087F280DD940F2523383
:106E3000994208D1FF2806D800F10040034B803862
:106E400033F8100070470020704700BFE4C300080B
:106E5000B0F5803FF0B522D21F4A83B21F49B0F58A
:106E6000805F28BF0A46141D34F8042C2146AAB1BD
:106E7000934213D334F8025C2E0AEFB252FA85F52E
:106E8000A84222DA082E09D8DFE806F0050A101217
:106E90001416181A1C00801A34F810301846F0BD69
:106EA000981A00F001001B1A9BB2F7E7103BFBE7B2
:106EB000203BF9E7303BF7E71A3BF5E70833F3E708
:106EC000503BF1E7A3F5E353EEE70434002ECBD1BA
:106ED00001EB4702C7E700BF34C1000828C3000820
:106EE00008B5074B074A196801F03D0199605368DE
:106EF0000BB190689847BDE8084003F0D5B800BFD3
:106F0000000002404436002008B5084B1968890982
:106F100001F03D018A019A60054AD3680BB11069FE
:106F20009847BDE8084003F0BFB800BF000002402A
:106F30004436002008B5084B1968090C01F03D01E2
:106F40000A049A60054A53690BB190699847BDE8F5
:106F5000084003F0A9B800BF0000024044360020FA
:106F600008B5084B1968890D01F03D018A059A6042
:106F7000054AD3690BB1106A9847BDE8084003F091
:106F800093B800BF000002404436002008B5074B0C
:106F9000074A596801F03D01D960536A0BB1906A04
:106FA0009847BDE8084003F07FB800BF00000240EA
:106FB0004436002008B5084B5968890901F03D01A5
:106FC0008A01DA60054AD36A0BB1106B9847BDE8B5
:106FD000084003F069B800BF0000024044360020BA
:106FE00008B5084B5968090C01F03D010A04DA6044
:106FF000054A536B0BB1906B9847BDE8084003F00E
:1070000053B800BF000002404436002008B5084BCA
:107010005968890D01F03D018A05DA60054AD36B94
:107020000BB1106C9847BDE8084003F03DB800BFB5
:10703000000002404436002008B5074B074A196893
:1070400001F03D019960536C0BB1906C9847BDE81D
:10705000084003F029B800BF000402404436002075
:1070600008B5084B1968890901F03D018A019A6049
:10707000054AD36C0BB1106D9847BDE8084003F08A
:1070800013B800BF000402404436002008B5084B86
:107090001968090C01F03D010A049A60054A536D14
:1070A0000BB1906D9847BDE8084002F0FDBF00BFEE
:1070B000000402404436002008B5084B1968890DC9
:1070C00001F03D018A059A60054AD36D0BB1106E3F
:1070D0009847BDE8084002F0E7BF00BF0004024047
:1070E0004436002008B5074B074A596801F03D01B6
:1070F000D960536E0BB1906E9847BDE8084002F01E
:10710000D3BF00BF000402404436002008B5084B3E
:107110005968890901F03D018A01DA60054AD36E98
:107120000BB1106F9847BDE8084002F0BDBF00BF2B
:10713000000402404436002008B5084B5968090C89
:1071400001F03D010A04DA60054A536F0BB1906FFC
:107150009847BDE8084002F0A7BF00BF0004024006
:107160004436002008B5084B5968890D01F03D01EF
:107170008A05DA60054AD36F13B1D2F880009847C8
:10718000BDE8084002F090BF0004024044360020F1
:1071900000230C4910B51A460B4C0B6054F8230021
:1071A000026001EB430004334260402BF6D1074AF2
:1071B0004FF0FF339360D360C2F80834C2F80C3448
:1071C00010BD00BF44360020E4C4000800000240A7
:1071D0000F28F8B510D9102810D0112811D0122876
:1071E00008D10F240720DFF8B4E00126DEF80050B4
:1071F000A04208D9002649E00446F4E70F24002005
:10720000F1E70724FBE706FA00F73D4240D1214CA5
:107210004FEA001C3D4304EB00160EEBC000CEF815
:107220000050C0E90123FBB24BB11B48836B43F014
:1072300001038363036E43F001030366036E17F4D7
:107240007F4F09D01448836B43F002038363036EBE
:1072500043F002030366036E54F80C00036823F046
:107260001F030360056815F00105FBD104EB0C0357
:107270003D2493F80CC05F6804FA0CF43C602124B0
:107280000560446112B1987B00F0C0FC3046F8BD47
:107290000130ADE7E4C40008004502584436002040
:1072A00010B5302484F31188FFF792FF002383F395
:1072B000118810BD10B50446807B00F0BDFC012391
:1072C0001049627B03FA02F20B6823EA0203DAB286
:1072D0000B604AB90C4A916B21F001019163116E68
:1072E00021F001011166126E13F47F4F09D1064B94
:1072F0009A6B22F002029A631A6E22F002021A6658
:107300001B6E10BD443600200045025808B53023DE
:1073100083F31188FFF7CEFF002383F3118808BDA4
:10732000836CC26A8B42506810B506D95A1E4C0055
:1073300002EB4103B3FBF4F3184410BD01F0010369
:107340008A0748BF43F002034A0748BF43F00803D7
:107350000A0748BF43F00403CA0648BF43F01003BE
:107360008A06426B48BF43F02003134343637047D0
:1073700010B5074C204600F0CBFF064B0022C4E9B5
:107380001023054BA364054BE363054BE36410BD79
:10739000C83600200070005200B4C4041C3700201E
:1073A0001C390020C36A0BB90E4BC3620379012B51
:1073B0000CD10D4B984209D10C4B5A6B42F48032E0
:1073C0005A63DA6D42F48032DA65DB6D436C002279
:1073D0001A65DA621A605A605A624FF0FF329A6395
:1073E000704700BFE4C50008C836002000450258B9
:1073F0000379012B20D0436C00221A65DA621A60EF
:107400005A605A624FF0FF329A630C4B984213D184
:107410000B4BDA6F42F48032DA67DA6F22F4803293
:10742000DA67DB6F074B5A6B22F480325A63DA6DEE
:1074300022F48032DA65DB6D704700BFC836002069
:10744000004402580045025810B5446C0649FFF745
:1074500067FF6060236842F2107043F0030323600B
:10746000BDE8104001F06ABD801A06000129F8B598
:10747000466C0B4F09D175680A493D40FFF750FF34
:10748000054345F480557560F8BD746806493C4075
:10749000FFF746FF044344F480547460F4E700BFF0
:1074A00000ECFFFF80F0FA0240787D01436C00227F
:1074B0005A601A6070470000426C0129536823F437
:1074C000404304D0022905D001B95360704743F40A
:1074D0008043FAE743F40043F7E70000436C41F4CC
:1074E00080519A60D9605A6B1206FCD580229A634B
:1074F0007047000010B541F48851446CA260E1600F
:10750000616B11F04502FBD0A26311F0040203D0BD
:10751000FFF714FF012010BD616910461960FAE7FA
:1075200010B541F48851446CA260E160616B11F0C8
:107530004502FBD0A26311F0050203D0FFF7FEFE67
:10754000012010BD616910461960FAE773B5134652
:1075500004460E46302282F31188426CD26B32B15F
:107560004FF0FF314030019301F0F4FC019B606C5F
:1075700000220265C263C262456B15F4807504D1B6
:1075800085F31188012002B070BD4FF0FF31816397
:1075900082F31188012E06D90C21204602B0BDE8E5
:1075A0007040FFF7BDBF1046EDE7000073B5446CB7
:1075B0000E4600250192616BA1632565E562FFF728
:1075C000BDFE012E07D9019B2A460C2102B0BDE861
:1075D0007040FFF7A5BF02B070BD000010B541F4C8
:1075E0009851446CA260E160616B11F04502FBD0E0
:1075F000A26311F03F0203D0FFF7A0FE012010BDEF
:10760000216A10461960E1695960A1699960616950
:10761000D960F4E72DE9F74304460191006D01A913
:107620001746984602F05AFC064600284AD0626C7B
:107630002046DDF804905568C5F3090501356B0057
:10764000A56CB5FBF3F54FF47A73B5FBF3F55D4329
:10765000556200F023FE50BB636C4FF0FF320125F2
:107660004146C3F8589020461D659A634FF49572C1
:10767000DA6342F207029F62DA62E36C0A9AFFF76A
:107680004FFFA0B9E26C104B11680B407BB9294643
:107690002046FFF75BFF054648B92E463A4601995A
:1076A000206D02F053FC304603B0BDE8F083E26C7D
:1076B00020460121FFF77AFF3A460199206D02F03A
:1076C00045FCF0E70126EEE708E0FFFD2DE9F74372
:1076D0001F46436C01924FF47A725D6804468846F7
:1076E000C5F3090501356E00856CB5FBF6F5B5FBF4
:1076F000F2F555435D6200F0D1FD20B10125284629
:1077000003B0BDE8F0837E0201A9206D324602F08D
:10771000E5FB05460028F1D0636C019AD4F84C9043
:107720009A6501221A654FF0FF329A634FF4957201
:10773000DA639E62236BDB064B4658BF4FEA48284C
:10774000012F42461BD912212046FFF7E9FEC0B99E
:10775000D9F80020104B13409BB9636C42F293029E
:1077600039462046DA62E26CFFF7F0FE804640B907
:1077700032460199206D454602F0E8FBBFE7112132
:10778000E2E7E26C39462046FFF710FF32460199E6
:10779000206D02F0DBFBB2E708E0FFFD2DE9F341CD
:1077A0001F46436C01924FF47A725D680446884626
:1077B000C5F3090501356E00856CB5FBF6F5B5FB23
:1077C000F2F555435D6200F069FD20B101252846C0
:1077D00002B0BDE8F0817E0201A9206D324602F0C0
:1077E000CDFB05460028F1D0636C019A9A65012211
:1077F0001A654FF0FF329A634FF48D72DA639E621E
:10780000236BE66CDB06334658BF4FEA4828012F4E
:10781000424619D919212046FFF782FEB0B93268D5
:107820000F4B134093B9636C42F2910239462046E4
:10783000DA62E26CFFF78AFE064638B901993546EE
:10784000206D02F0D7FBC2E71821E4E73946204655
:10785000E26CFFF7ABFE0199206D02F0CBFBB6E7BF
:1078600008E0FFFD12F0030F2DE9F04107460C463A
:1078700015461E4617D00E44B44202D10020BDE882
:10788000F0810123FA6B21463846FFF71FFF0028DD
:10789000F5D128464FF40072F96B05F500750134F7
:1078A000FAF7D8FAE8E7BDE8F041FFF70FBF0000AC
:1078B00012F0030F2DE9F04107460C4615461E460F
:1078C00017D00E44B44202D10020BDE8F081294611
:1078D0004FF40072F86B05F50075FAF7BBFA012357
:1078E000FA6B21463846FFF759FF0028EDD10134E5
:1078F000E8E7BDE8F041FFF751BF00000020704706
:10790000302310B583F311880024436C40302146A6
:10791000DC6301F02DFB84F3118810BD026843681D
:107920001143016003B1184770470000024A136811
:1079300043F0C0031360704700440040024A1368DC
:1079400043F0C0031360704700480040024A1368C8
:1079500043F0C0031360704700780040044B9A6CFA
:1079600002439A641A6F104318671B6F704700BF79
:107970000045025837B5274C274D204600F028FD1A
:1079800004F11400009400234FF40072234900F026
:10799000C3F94FF40072224904F138000094214BDE
:1079A00000F03CFA204BC4E91735204C204600F08B
:1079B0000FFD04F11400009400234FF400721C49E1
:1079C00000F0AAF94FF400721A4904F1380000944B
:1079D000194B00F023FA194BC4E91735184C20460F
:1079E00000F0F6FC04F1140000234FF40072154976
:1079F000009400F091F9144B4FF40072134904F114
:107A00003800009400F00AFA114BC4E9173503B0AE
:107A100030BD00BF2039002000E1F505643A0020A8
:107A2000644000202D790008004400408C3900207B
:107A3000643C0020644200203D790008004800407A
:107A4000F8390020643E00204D790008644400208D
:107A50000078004038B5264D0446037C002918BF45
:107A60000D46012B06D1234B984230D14FF4003004
:107A7000FFF774FF2A68236EE16D03EB5203A566DE
:107A8000B3FBF2F36A68100442BF23F0070003F06F
:107A9000070343EA4003CB60AB6843F040034B600D
:107AA000EB6843F001038B6042F4967343F00103EB
:107AB0000B604FF0FF330B62510505D512F0102219
:107AC00011D0B2F1805F10D084F8643038BD0A4B19
:107AD000984205D0094B9842CCD14FF08040C7E77F
:107AE0004FF48020C4E77F23EEE73F23ECE700BF9D
:107AF000ECC50008203900208C390020F83900201E
:107B00002DE9F047C66D05463768F46921073462F0
:107B10001AD014F0080118BF4FF48071E20748BF73
:107B200041F02001A3074FF0300348BF41F040016E
:107B3000600748BF41F0800183F31188281DFFF7DB
:107B4000EDFE002383F31188E2050AD5302383F389
:107B500011884FF48061281DFFF7E0FE002383F3B6
:107B600011884FF030094FF0000A14F0200838D186
:107B70003B0616D54FF0300905F1380A200610D51E
:107B800089F31188504600F07DF9002836DA082183
:107B9000281DFFF7C3FE27F080033360002383F323
:107BA0001188790614D5620612D5302383F3118823
:107BB000D5E913239A4208D12B6C33B127F0400743
:107BC0001021281DFFF7AAFE3760002383F31188D8
:107BD000E30618D5AA6E1369ABB15069BDE8F0474A
:107BE000184789F31188736A284695F8641019407C
:107BF00000F008FC8AF31188F469B6E7B06288F3F4
:107C00001188F469BAE7BDE8F0870000090100F1C6
:107C10006043012203F56143C9B283F8001300F009
:107C20001F039A4043099B0003F1604303F561433E
:107C3000C3F880211A60704700F01F0301229A40A8
:107C4000430900F160409B0000F5614003F160438F
:107C500003F56143C3F88020C3F88021002380F836
:107C600000337047F8B51546826804460B46AA42B1
:107C700000D28568A1692669761AB5420BD21846EA
:107C80002A46FAF7E7F8A3692B44A3612846A368BC
:107C90005B1BA360F8BD0CD9AF1B18463246FAF740
:107CA000D9F83A46E1683044FAF7D4F8E3683B443F
:107CB000EBE718462A46FAF7CDF8E368E5E7000057
:107CC00083689342F7B50446154600D28568D4E927
:107CD0000460361AB5420BD22A46FAF7BBF863693C
:107CE0002B4463612846A3685B1BA36003B0F0BD0F
:107CF0000DD93246AF1B0191FAF7ACF801993A461B
:107D0000E0683144FAF7A6F8E3683B44E9E72A461D
:107D1000FAF7A0F8E368E4E710B50A440024C36169
:107D2000029B8460C16002610362C0E90000C0E997
:107D3000051110BD08B5D0E90532934201D1826822
:107D400082B98268013282605A1C42611970002136
:107D5000D0E904329A4224BFC368436101F022F99A
:107D6000002008BD4FF0FF30FBE7000070B5302366
:107D700004460E4683F31188A568A5B1A368A269DD
:107D8000013BA360531CA36115782269934224BF71
:107D9000E368A361E3690BB120469847002383F3AE
:107DA0001188284607E03146204601F0EBF800280C
:107DB000E2DA85F3118870BD2DE9F74F04460E46CF
:107DC00017469846D0F81C904FF0300A8AF3118875
:107DD0004FF0000B154665B12A4631462046FFF7A5
:107DE00041FF034660B94146204601F0CBF8002828
:107DF000F1D0002383F31188781B03B0BDE8F08F26
:107E0000B9F1000F03D001902046C847019B8BF3C6
:107E10001188ED1A1E448AF31188DCE7C160C36142
:107E2000009B82600362C0E905111144C0E90000B3
:107E300001617047F8B504460D461646302383F3BA
:107E40001188A768A7B1A368013BA36063695A1CA6
:107E500062611D70D4E904329A4224BFE368636111
:107E6000E3690BB120469847002080F3118807E0B2
:107E70003146204601F086F80028E2DA87F31188BF
:107E8000F8BD0000D0E9052310B59A4201D18268FF
:107E90007AB982680021013282605A1C82611C78A2
:107EA00003699A4224BFC368836101F07BF82046CE
:107EB00010BD4FF0FF30FBE72DE9F74F04460E46AB
:107EC00017469846D0F81C904FF0300A8AF3118874
:107ED0004FF0000B154665B12A4631462046FFF7A4
:107EE000EFFE034660B94146204601F04BF80028FA
:107EF000F1D0002383F31188781B03B0BDE8F08F25
:107F0000B9F1000F03D001902046C847019B8BF3C5
:107F10001188ED1A1E448AF31188DCE70379052BDA
:107F200005BF836A002001204B6004BF4FF400733B
:107F30000B60704770B55D1E866A04460D44B542FD
:107F400005D9436B43F080034363012070BD0625D0
:107F50000571FFF787FC05232371F7E770B55D1EF8
:107F6000866A04460D44B54205D9436B43F080034D
:107F70004363012070BD07250571FFF799FC0523B8
:107F80002371F7E738B505790446052D05D1082397
:107F90000371FFF7B3FC257138BD0120FCE7000039
:107FA0000323F0B5037185B00446FFF74DFA0022B4
:107FB00020461146FFF792FA4FF4D57203AB082121
:107FC0002046FFF7ADFA0246B8B901232363039BAD
:107FD000C3F30323012B09D103AB37212046FFF75D
:107FE0009FFA18B9A44B039A1340ABB12046012560
:107FF000FFF75CFA0223237137E103AB002237213C
:108000002046FFF78DFA28B99B4A039B1A40002AA5
:1080100000F0A78002232363236B03F00F03022BDE
:1080200040F0A9806425954E42F2107000F086FF62
:1080300003AB324601212046FFF75CFA0028D5D178
:10804000039B002B80F293805A0003D5236B43F0EF
:1080500010032363002204F1080302212046FFF7E6
:10806000BDFA02460028C1D104F13803032120469D
:10807000FFF756FA0028B9D104F11805A26B0921BF
:1080800020462B46FFF7AAFA0028AFD102ABA26B1D
:1080900007212046FFF744FA06460028A6D1236BA5
:1080A00003F00F03022B40F08F807E227F212846B1
:1080B00003F060F9012840F28780E76B42F210700C
:1080C00000F03CFF08234FF400723946204600962A
:1080D000FFF7A0FA002889D1384603F099F9236BFD
:1080E000A06203F00F03022B72D103AB644A062196
:1080F0002046FFF715FA002871D15F49039B19400C
:10810000B1FA81F149092046FFF7B0F902AB4FF40B
:10811000007210212046FFF703FA054600287FF47D
:1081200065AF554E029B33427FF460AF236B13F073
:108130000E0F03F00F0273D0022A7FF457AFE36AE9
:108140001978012900F09480022900F09380002919
:1081500000F089804B4F2046FFF7AEF903AB3A465B
:1081600076E0114620462263FFF7B8F954E7013D57
:108170007FF45AAF3AE7444D6426444A3E4F012B00
:1081800018BF154603AB002237212046FFF7C8F978
:1081900000287FF42BAF039B3B427FF427AF03AB58
:1081A0002A4629212046FFF7A5F900287FF41EAFB3
:1081B000039B002BFFF648AF013E3FF417AF42F29E
:1081C000107000F0BBFEDDE7284603F0F5F886E707
:1081D0007E227F212846E66B03F0CCF808B9002107
:1081E00091E7002340223146204600930623FFF703
:1081F00011FA0028F3D1B3895BBA9B07EFD5244B62
:1082000040223146204600930623FFF703FA002858
:10821000E5D1317C01F00F010F3918BF012172E760
:10822000E36A1978F9B101297FF4E0AE2046FFF73F
:1082300043F903ABA26B37212046FFF771F9002801
:108240007FF4D4AE039B33427FF4D0AE03AB022263
:1082500006212046FFF764F900287FF4C7AE039B90
:1082600033427FF4C3AE05232371284605B0F0BD29
:10827000084F70E7084F6EE708E0FFFD0080FFC081
:108280000001B9030000B7030080FF500000108018
:10829000F1FFFF800001B7030002B70337B50446C2
:1082A0000C4D01ABA26B0D212046FFF739F978B9CF
:1082B000019B2B420BD1C3F34323042B08D0053B76
:1082C000022B04D84FF47A7000F038FEE9E7012061
:1082D00003B030BD08E0FFFD70B53023054683F3E1
:1082E000118803790024022B03D184F311882046DE
:1082F00070BD0423037184F311880226FFF7CEFFBB
:1083000004462846FFF7D2F82E71F0E7FFF730B8A1
:10831000044B03600123037100234363C0E90A3364
:10832000704700BF04C6000810B53023044683F32D
:108330001188C162FFF736F802230020237180F311
:10834000118810BD10B53023044683F31188FFF760
:108350004FF800230122E362227183F3118810BDDC
:10836000026843681143016003B118477047000079
:108370001430FFF721BD00004FF0FF331430FFF73A
:108380001BBD00003830FFF797BD00004FF0FF33F2
:108390003830FFF791BD00001430FFF7E7BC000054
:1083A0004FF0FF311430FFF7E1BC00003830FFF729
:1083B00041BD00004FF0FF323830FFF73BBD0000F9
:1083C000012914BF6FF0130000207047FFF7D2BAE5
:1083D000044B036000234360C0E9023301230374AC
:1083E000704700BF28C6000810B53023044683F349
:1083F0001188FFF72FFB02230020237480F31188DC
:1084000010BD000038B5C36904460D461BB90421F0
:108410000844FFF7A5FF294604F11400FFF78AFC82
:10842000002806DA201D4FF40061BDE83840FFF750
:1084300097BF38BD026843681143016003B1184714
:108440007047000013B5406B00F58054D4F8A43891
:108450001A681178042914D1017C022911D11979E3
:10846000012312898B4013420BD101A94C3002F039
:10847000AFFED4F8A4480246019B2179206800F0A1
:10848000DFF902B010BD0000143002F031BE000070
:108490004FF0FF33143002F02BBE00004C3002F0DE
:1084A00003BF00004FF0FF334C3002F0FDBE000070
:1084B000143002F0FFBD00004FF0FF31143002F025
:1084C000F9BD00004C3002F0CFBE00004FF0FF328B
:1084D0004C3002F0C9BE00000020704710B500F516
:1084E0008054D4F8A4381A681178042917D1017C73
:1084F000022914D15979012352898B4013420ED19C
:10850000143002F091FD024648B1D4F8A4484FF46B
:10851000407361792068BDE8104000F07FB910BD5C
:10852000406BFFF7DBBF0000704700007FB5124BC8
:1085300001250426044603600023057400F184022B
:1085400043602946C0E902330C4B0290143001937A
:108550004FF44073009602F043FD094B04F6944239
:10856000294604F14C000294CDE900634FF44073B6
:1085700002F00AFE04B070BD50C600082185000854
:10858000458400080A68302383F311880B790B3384
:1085900042F823004B79133342F823008B7913B14F
:1085A0000B3342F8230000F58053C3F8A4180223CC
:1085B0000374002080F311887047000038B5037FF2
:1085C000044613B190F85430ABB90125201D0221A7
:1085D000FFF730FF04F114006FF00101257700F080
:1085E000EDFC04F14C0084F854506FF00101BDE83B
:1085F000384000F0E3BC38BD10B50121044604301A
:10860000FFF718FF0023237784F8543010BD0000D3
:1086100038B504460025143002F0FAFC04F14C0091
:10862000257702F0C9FD201D84F854500121FFF781
:1086300001FF2046BDE83840FFF750BF90F880307A
:1086400003F06003202B06D190F881200023212A1B
:1086500003D81F2A06D800207047222AFBD1C0E980
:108660001D3303E0034A426707228267C367012084
:10867000704700BF4422002037B500F58055D5F87B
:10868000A4381A68117804291AD1017C022917D15B
:108690001979012312898B40134211D100F14C0446
:1086A000204602F049FE58B101A9204602F090FD93
:1086B000D5F8A4480246019B2179206800F0C0F853
:1086C00003B030BD01F10B03F0B550F8236085B065
:1086D00004460D46FEB1302383F3118804EB850771
:1086E000301D0821FFF7A6FEFB6806F14C005B6910
:1086F0001B681BB1019002F079FD019803A902F0FB
:1087000067FD024648B1039B2946204600F098F8D1
:10871000002383F3118805B0F0BDFB685A69126825
:10872000002AF5D01B8A013B1340F1D104F18002ED
:10873000EAE70000133138B550F82140ECB130239E
:1087400083F3118804F58053D3F8A4281368527971
:1087500003EB8203DB689B695D6845B10421601807
:10876000FFF768FE294604F1140002F067FC20467A
:10877000FFF7B4FE002383F3118838BD7047000073
:1087800001F08CBD01234022002110B5044600F801
:10879000303BF9F785FB0023C4E9013310BD00002D
:1087A00010B53023044683F3118824224160002150
:1087B0000C30F9F775FB204601F092FD02230020F2
:1087C000237080F3118810BD70B500EB810305465E
:1087D00050690E461446DA6018B110220021F9F7EC
:1087E0005FFBA06918B110220021F9F759FB31464F
:1087F0002846BDE8704001F073BE00008368202267
:10880000002103F0011310B5044683601030F9F71E
:1088100047FB2046BDE8104001F0EEBEF0B4012554
:1088200000EB810447898D40E4683D43A46945819C
:1088300023600023A2606360F0BC01F00BBF000066
:10884000F0B4012500EB810407898D40E4683D43C5
:108850006469058123600023A2606360F0BC01F0BD
:1088600081BF000070B50223002504462422037056
:108870002946C0F888500C3040F8045CF9F710FB2A
:10888000204684F8705001F0BFFD63681B6823B177
:1088900029462046BDE87040184770BD0378052B77
:1088A00010B504460AD080F88C3005230370436865
:1088B0001B680BB1042198470023A36010BD000082
:1088C0000178052906D190F88C20436802701B6856
:1088D00003B118477047000070B590F87030044637
:1088E00013B1002380F8703004F18002204601F0BB
:1088F000A7FE63689B68B3B994F8803013F06005F5
:1089000035D00021204602F099F90021204602F0DE
:1089100089F963681B6813B106212046984706232E
:1089200084F8703070BD204698470028E4D0B4F831
:108930008630A26F9A4288BFA36794F98030A56FF2
:10894000002B4FF0300380F20381002D00F0F28005
:10895000092284F8702083F3118800212046D4E98D
:108960001D23FFF76DFF002383F31188DAE794F8E6
:10897000812003F07F0343EA022340F20232934254
:1089800000F0C58021D8B3F5807F48D00DD8012BE9
:108990003FD0022B00F09380002BB2D104F188026B
:1089A00062670222A267E367C1E7B3F5817F00F047
:1089B0009B80B3F5407FA4D194F88230012BA0D1E5
:1089C000B4F8883043F0020332E0B3F5006F4DD0C5
:1089D00017D8B3F5A06F31D0A3F5C063012B90D8A1
:1089E0006368204694F882205E6894F88310B4F897
:1089F0008430B047002884D0436863670368A36766
:108A00001AE0B3F5106F36D040F6024293427FF47D
:108A100078AF5C4B63670223A3670023C3E794F836
:108A20008230012B7FF46DAFB4F8883023F002035D
:108A3000A4F88830C4E91D55E56778E7B4F88030BC
:108A4000B3F5A06F0ED194F88230204684F88A30B6
:108A500001F038FD63681B6813B101212046984777
:108A6000032323700023C4E91D339CE704F18B0327
:108A700063670123C3E72378042B10D1302383F3EA
:108A800011882046FFF7BAFE85F311880321636839
:108A900084F88B5021701B680BB12046984794F8DE
:108AA0008230002BDED084F88B300423237063687F
:108AB0001B68002BD6D0022120469847D2E794F8B5
:108AC000843020461D0603F00F010AD501F0AAFDEF
:108AD000012804D002287FF414AF2B4B9AE72B4BCC
:108AE00098E701F091FDF3E794F88230002B7FF4D2
:108AF00008AF94F8843013F00F01B3D01A06204663
:108B000002D502F0B3F8ADE702F0A4F8AAE794F8B2
:108B10008230002B7FF4F5AE94F8843013F00F010F
:108B2000A0D01B06204602D502F088F89AE702F092
:108B300079F897E7142284F8702083F311882B4684
:108B40002A4629462046FFF769FE85F31188E9E6A3
:108B50005DB1152284F8702083F31188002120462E
:108B6000D4E91D23FFF75AFEFDE60B2284F870209E
:108B700083F311882B462A4629462046FFF760FEDC
:108B8000E3E700BF80C6000878C600087CC600087E
:108B900038B590F870300446002B3ED0063BDAB270
:108BA0000F2A34D80F2B32D8DFE803F037313108E1
:108BB000223231313131313131313737856FB0F8CF
:108BC00086309D4214D2C3681B8AB5FBF3F203FBC7
:108BD00012556DB9302383F311882B462A46294656
:108BE000FFF72EFE85F311880A2384F870300EE01B
:108BF000142384F87030302383F311880023204637
:108C00001A461946FFF70AFE002383F3118838BD80
:108C1000C36F03B198470023E7E70021204602F025
:108C20000DF80021204601F0FDFF63681B6813B1B9
:108C30000621204698470623D7E7000010B590F894
:108C400070300446142B29D017D8062B05D001D834
:108C50001BB110BD093B022BFBD80021204601F0BF
:108C6000EDFF0021204601F0DDFF63681B6813B1B2
:108C7000062120469847062319E0152BE9D10B233E
:108C800080F87030302383F3118800231A46194688
:108C9000FFF7D6FD002383F31188DAE7C3689B69E9
:108CA0005B68002BD5D1C36F03B19847002384F8CC
:108CB0007030CEE70023826880F8243083691B6817
:108CC00099689142FBD25A68036042601060586014
:108CD000704700000023826880F8243083691B6895
:108CE00099689142FBD85A680360426010605860EE
:108CF0007047000008B50846302383F3118891F8C7
:108D00002430032B05D0042B0DD02BB983F311880D
:108D100008BD8B6A00221A604FF0FF338362FFF7B1
:108D2000C9FF0023F2E7D1E9003213605A60F3E78C
:108D3000034610B51B68984203D09C688A68944229
:108D4000F8D25A680B604A601160596010BD00008B
:108D5000FFF7B0BF38B50B4B1C68DD6885F8240001
:108D6000226853601A600122DC60A36884F8242022
:108D7000934201D101F05CF929462046BDE8384014
:108D8000F7F7E4BB684600200C4B30B5DD684B1CA0
:108D900087B004460FD02B46094A684600F0A2F976
:108DA0002046FFF7D7FF009B13B1684600F0A4F9F7
:108DB000A86A07B030BDFFF7CDFFF9E7684600208D
:108DC000F58C0008044B1A68DB6890689B68984231
:108DD00094BF0020012070476846002038B50C4B36
:108DE0001C68DD68226853601A600122DC6084F828
:108DF0002420AB68934201D101F01CF92846FFF70B
:108E000069FF01462046BDE83840F7F79FBB00BF29
:108E100068460020044B1A68DB6892689B689A4297
:108E200001D9FFF7DBBF70476846002038B5012342
:108E3000084C00252370656002F018FB02F03EFB31
:108E40000549064802F014FC0223237085F31188BB
:108E500038BD00BF1049002088C6000868460020C1
:108E600000F080B9034A516853685B1A9842FBD8F6
:108E7000704700BF001000E08B604B630023CA61A5
:108E800000F128020B6302230A618B8401238861AD
:108E900081F8263001F11003C26A4A611360C3628F
:108EA00001F12C030846CB6270470000D0E9013184
:108EB000026841F8183CA1F19C033839CB60036982
:108EC00041F8243C436941F8203C034B41F8043C01
:108ED000C3680248FFF7D0BF650500086846002058
:108EE00008B5FFF7E3FFBDE80840FFF731BF00001A
:108EF00038B50E4BDC6804F12C05A062E06AA8428C
:108F00000FD194F826303BB994F825309B0702BF67
:108F1000D4E9043213605A600F20BDE83840FFF7EF
:108F200019BF0368E362FFF713FFE7E76846002015
:108F3000302383F31188FFF7DBBF000008B501463B
:108F4000302383F311880820FFF71EFF002383F3EB
:108F5000118808BD054BDB6821B1036098620320CE
:108F6000FFF712BF4FF0FF30704700BF6846002088
:108F700003682BB10022026018469962FFF7E8BE31
:108F800070470000064BDB6839B1426818605A60D0
:108F9000136043600420FFF7F7BE4FF0FF307047C7
:108FA000684600200368984206D01A680260506044
:108FB00018469962FFF7CCBE7047000038B50446EA
:108FC0000D462068844200D138BD036823605C6090
:108FD0008562FFF7BDFEF4E7036810B59C68A24206
:108FE0000CD85C688A600B604C602160596099689D
:108FF0008A1A9A604FF0FF33836010BD121B1B6802
:10900000ECE700000A2938BF0A2170B504460D4676
:109010000A26601902F024FA02F00CFA041BA54299
:1090200003D8751C04462E46F3E70A2E04D9012006
:10903000BDE8704002F0E4BB70BD0000F8B5144B11
:109040000D460A2A4FF00A07D96103F11001826028
:1090500038BF0A22416019691446016048601861EE
:10906000A81802F0EDF902F0E5F9431B0646A34209
:1090700006D37C1C28192746354602F0F1F9F2E7A1
:109080000A2F04D90120BDE8F84002F0B9BBF8BDB1
:1090900068460020F8B506460D4602F0CBF90F4AA7
:1090A000134653F8107F9F4206D12A4601463046A8
:1090B000BDE8F840FFF7C2BFD169BB68441A2C195C
:1090C00028BF2C46A34202D92946FFF79BFF224620
:1090D00031460348BDE8F840FFF77EBF68460020F0
:1090E00078460020C0E90323002310B45DF8044B48
:1090F0004361FFF7CFBF000010B5194C23699842B8
:109100000DD08168D0E9003213605A609A680A4431
:109110009A60002303604FF0FF33A36110BD026823
:10912000234643F8102F53600022026022699A42BE
:1091300003D1BDE8104002F08DB9936881680B44FB
:10914000936002F077F92269E1699268441AA242B9
:10915000E4D91144BDE81040091AFFF753BF00BF1E
:10916000684600202DE9F047DFF8BC8008F11007C1
:109170002C4ED8F8105002F05DF9D8F81C40AA68BF
:10918000031B9A423ED814444FF00009D5E900323F
:10919000C8F81C4013605A60C5F80090D8F8103029
:1091A000B34201D102F056F989F31188D5E90331B0
:1091B00028469847302383F311886B69002BD8D059
:1091C00002F038F96A69A0EB040982464A450DD2DB
:1091D000022002F015FB0022D8F81030B34208D16B
:1091E00051462846BDE8F047FFF728BF121A22442F
:1091F000F2E712EB09092946384638BF4A46FFF71D
:10920000EBFEB5E7D8F81030B34208D01444C8F8E4
:109210001C00211AA960BDE8F047FFF7F3BEBDE8C6
:10922000F08700BF784600206846002038B502F07D
:1092300001F9054AD2E90845031B181945F1000157
:10924000C2E9080138BD00BF6846002010B560B90A
:10925000074804790368053C9B6818BF01249847B8
:1092600008B144F00404204610BD0124FBE700BF10
:10927000C8360020FFF7EABF2DE9F04788461746B9
:109280009A460446B0B90D4E3579052D05D0032414
:109290000DE0013D15F0FF050ED03268534639460A
:1092A0003046D2F814904246C8470028F1D12046F3
:1092B000BDE8F0870424FAE70124F8E7C836002067
:1092C0002DE9F047884617469A460446B0B90D4E38
:1092D0003579052D05D003240DE0013D15F0FF057E
:1092E0000ED03268534639463046D2F8189042467E
:1092F000C8470028F1D12046BDE8F0870424FAE7EA
:109300000124F8E7C836002037B50C46154670B979
:1093100051B101290BD10748694603681B6A984778
:1093200010B9019B04462B60204603B030BD0424D5
:10933000FAE700BFC836002000207047FEE70000B3
:10934000704700004FF0FF30704700004B684360EB
:109350008B688360CB68C3600B6943614B690362B0
:109360008B6943620B6803607047000008B53C4B93
:1093700040F2FF713B48D3F888200A43C3F88820A5
:10938000D3F8882022F4FF6222F00702C3F8882075
:10939000D3F88830344B1A6C0A431A649A6E0A4325
:1093A0009A66324A9B6E1146FFF7D0FF00F5806047
:1093B00002F11C01FFF7CAFF00F5806002F13801DD
:1093C000FFF7C4FF00F5806002F15401FFF7BEFF14
:1093D00000F5806002F17001FFF7B8FF00F58060D2
:1093E00002F18C01FFF7B2FF00F5806002F1A801E5
:1093F000FFF7ACFF00F5806002F1C401FFF7A6FFA4
:1094000000F5806002F1E001FFF7A0FF00F5806049
:1094100002F1FC01FFF79AFF02F58C7100F5806004
:10942000FFF794FF01F0B6FC114BD3F8902242F005
:109430000102C3F89022D3F8942242F00102C3F84B
:1094400094220522C3F898204FF06052C3F89C2064
:10945000084AC3F8A020BDE8084000F0FFBC00BFE8
:109460000044025800000258004502589CC60008FB
:1094700000ED00E01F00080308B501F09DFDFFF7B7
:10948000D5FC0D4BDA6B42F04002DA635A6E22F0E3
:1094900040025A665B6E094B1A6842F008021A6075
:1094A0001A6842F004021A6000F0ACFD00F03EFBC6
:1094B000BDE8084000F0B4B8004502580018024862
:1094C00001207047002070477047000002290CD02F
:1094D000032904D00129074818BF00207047032A38
:1094E00005D8054800EBC2007047044870470020CB
:1094F000704700BFACC800085422002060C80008B4
:1095000070B59AB005460846144601A900F0C2F8A5
:1095100001A8F8F7BDFC431C0022C6B25B00104650
:10952000C5E9003423700323023404F8013C01AB85
:10953000D1B202348E4201D81AB070BD13F8011BAB
:10954000013204F8010C04F8021CF1E708B53023DD
:1095500083F311880348FFF78FF8002383F3118802
:1095600008BD00BF1849002090F8803003F01F02AA
:10957000012A07D190F881200B2A03D10023C0E9EA
:109580001D3315E003F06003202B08D1B0F88430C0
:109590002BB990F88120212A03D81F2A04D8FFF77D
:1095A0004DB8222AEBD0FAE7034A426707228267C6
:1095B000C3670120704700BF4B22002007B5052973
:1095C00017D8DFE801F0191603191920302383F3A7
:1095D0001188104A01210190FFF7F6F80198022145
:1095E0000D4AFFF7F1F80D48FFF712F8002383F357
:1095F000118803B05DF804FB302383F3118807481A
:10960000FEF7DCFFF2E7302383F311880348FEF70F
:10961000F3FFEBE700C8000824C800081849002041
:1096200038B50C4D0C4C2A460C4904F10800FFF7E4
:1096300067FF05F1CA0204F110000949FFF760FF56
:1096400005F5CA7204F118000649BDE83840FFF775
:1096500057BF00BFF061002054220020D0C700088F
:10966000DAC70008F4C7000870B5044608460D467E
:10967000F8F70EFCC6B22046013403780BB9184641
:1096800070BD32462946F8F7EFFB0028F3D10120E0
:10969000F6E700002DE9F04705460C46F8F7F8FB21
:1096A0002B49C6B22846FFF7DFFF08B10736F6B2EE
:1096B00028492846FFF7D8FF08B11036F6B2632EC6
:1096C0000BD8DFF88C80DFF88C90234FDFF894A064
:1096D0002E7846B92670BDE8F08729462046BDE8B9
:1096E000F04702F047B9252E2ED1072241462846E1
:1096F000F8F7BAFB70B9194B224603F10C0153F885
:10970000040B8B4242F8040BF9D11B8807350E3449
:109710001380DDE7082249462846F8F7A5FB98B9EB
:10972000A21C0F4B197802320909C95D02F8041C0A
:1097300013F8011B01F00F015345C95D02F8031C2A
:10974000F0D118340835C3E7013504F8016BBFE7E1
:10975000CCC80008F4C70008E3C80008D4C8000853
:1097600000E8F11F0CE8F11FBFF34F8F044B1A699B
:109770005107FCD1D3F810215207F8D1704700BF30
:109780000020005208B50D4B1B78ABB9FFF7ECFF7A
:109790000B4BDA68D10704D50A4A5A6002F18832C5
:1097A0005A60D3F80C21D20706D5064AC3F8042123
:1097B00002F18832C3F8042108BD00BF4E640020C6
:1097C000002000522301674508B5114B1B78F3B9FF
:1097D000104B1A69510703D5DA6842F04002DA608B
:1097E000D3F81021520705D5D3F80C2142F04002DE
:1097F000C3F80C21FFF7B8FF064BDA6842F001020C
:10980000DA60D3F80C2142F00102C3F80C2108BD44
:109810004E640020002000520F289ABF00F580609F
:1098200040040020704700004FF4003070470000F3
:10983000102070470F2808B50BD8FFF7EDFF00F593
:1098400000330268013204D104308342F9D101208F
:1098500008BD0020FCE700000F2838B505463FD8BA
:10986000FFF782FF1F4CFFF78DFF4FF0FF330728F4
:109870006361C4F814311DD82361FFF775FF03023B
:1098800043F02403E360E36843F08003E36023696B
:109890005A07FCD42846FFF767FFFFF7BDFF4FF4D8
:1098A000003100F0B7FA2846FFF78EFFBDE83840D8
:1098B000FFF7C0BFC4F81031FFF756FFA0F108034F
:1098C0001B0243F02403C4F80C31D4F80C3143F0EC
:1098D0008003C4F80C31D4F810315B07FBD4D9E70E
:1098E000002038BD002000522DE9F84F04460D46F7
:1098F000104644EA0203DE0602D00020BDE8F88FDD
:1099000020F01F00DFF8D4B0DFF8D4A0FFF73AFF53
:1099100005EB0008454503D10120FFF755FFEDE7B2
:1099200020222946204601F0CBFF10B920342035F3
:10993000F0E7234604F120021F68791CDDD10433CF
:109940009342F9D104F178432048214EB3F5801FAA
:10995000204B38BF184603F1F80332BFD946D14631
:109960001E46FFF701FF0760A4EB050C336805F105
:109970001C0143F0020333602B1FD9F8007017F06D
:109980000507FAD153F8042F8B424CF80320F4D189
:10999000BFF34F8FFFF7E8FE4FF0FF3303603368EC
:1099A00023F002033360BFF34F8F0B4BC3F85C42CD
:1099B000BFF34F8FBFF36F8F20222946204601F05F
:1099C0007FFF0028B2D03846A7E700BF142100521D
:1099D0000C2000521420005200ED00E01020005234
:1099E0001021005210B5084C237828B11BB9FFF79D
:1099F000C9FE0123237010BD002BFCD02070BDE8F0
:109A00001040FFF7E1BE00BF4E6400202DE9F04F8B
:109A10000D4685B0814658B111F00D0614BF2022C5
:109A2000082211F00803019304D0431E034269D0B9
:109A3000002435E0002E37D009F11F0121F01F0965
:109A40004FF00108314F05F00403DFF8CCA005EA20
:109A5000080BBBF1000F32D07869C0072FD408F192
:109A600001080C37B8F1060FF3D19EB9284D4946CD
:109A7000A819019201F044FD0446002839D120368E
:109A8000019AA02EF3D1494601F03AFD0446002880
:109A90002FD1019A49461F4801F032FD044660BBB0
:109AA000204605B0BDE8F08F0029C9D101462846FF
:109AB000029201F025FD0446D8B9029AC0E713B11D
:109AC00078694107CBD5AC0702D578698007C6D540
:109AD000019911B178690107C1D549460AEB4810CF
:109AE000CDE9022301F00CFD0446DDE90223002844
:109AF000B5D04A460021204601E04A460021F8F749
:109B0000CFF9CDE70246002E96D199E7F4C80008B8
:109B10009064002050640020706400200021FFF752
:109B200075BF00000121FFF771BF000000231A4636
:109B300070B51A600433B3F5806FFAD1104D01246B
:109B4000104E06EB441001342A6955F80C1F01F041
:109B5000C3FC062CF5D137254FF4C0542046FFF73F
:109B6000E1FF014628B122460748BDE8704001F0F8
:109B7000B3BCC4EBC404013D4FEAD404EED170BDC4
:109B8000F4C8000870640020506400200421FFF72E
:109B90003DBF00004843FFF7C1BF000008B101F01E
:109BA00021BD7047B0F5805F10B5044607D8FFF7B8
:109BB000EDFF28B92046BDE81040FFF7AFBF0020F9
:109BC00010BD0000FFF7EABF70B5AAB140EA01037B
:109BD00013F01F030FD1094C0144A5686D0706D58A
:109BE0002568A84203D366683544A94204D90333E3
:109BF0000C34122BF1D10022104670BDF4C80008BD
:109C000008B501F005FE034AD2E90032C01842EB64
:109C1000010108BD30650020434BD3E900232DE945
:109C2000F34113437CD0FFF7EBFF404A00230027AA
:109C3000F6F7A6FC06460D463D4A0023F6F7A0FCC3
:109C40000023144630462946394AF6F799FC4FF46A
:109C500061613C23ADF80170B4FBF1F5B4FBF3F6A0
:109C600001FB154103FB16464624B1FBF3F1314BD2
:109C7000F6B28DF8004098423CD84FF0640C4FF497
:109C8000C87EA30704F26C7225D1B2FBFCF30CFB77
:109C9000132313BBB2FBFEF30EFB1322B2FA82F3C3
:109CA0005B0903F26D18621C8045D2B217D90FB15F
:109CB0008DF800400022204C4FF00C0C17460CFB96
:109CC0000343D4B2013213F804C084450CD8A0EB8E
:109CD0000C000127F5E70023E3E70123E1E7A0EB10
:109CE000080014460127CCE70FB18DF80140431C52
:109CF0008DF802309DF80100431C9DF8000050389B
:109D0000400640EA43509DF8023040EA034040EAF2
:109D1000560040EAC52040EA411002B0BDE8F0819B
:109D20004FF40410F9E700BF3065002040420F00F7
:109D30008051010090230B003CC900080244074BEE
:109D4000D2B210B5904200D110BD441C00B253F8FD
:109D5000200041F8040BE0B2F4E700BF5040005887
:109D60000E4B30B51C6F240405D41C6F1C671C6F90
:109D700044F400441C670A4C02442368D2B243F402
:109D800080732360074B904200D130BD441C51F8D2
:109D9000045B00B243F82050E0B2F4E700440258FC
:109DA000004802585040005807B5012201A9002080
:109DB000FFF7C4FF019803B05DF804FB13B5044638
:109DC000FFF7F2FFA04205D0012201A90020019473
:109DD000FFF7C6FF02B010BD10B56424013C4FF47C
:109DE0007A70FFF7ABF814F0FF04F7D1084B4FF08F
:109DF000807214249A6103F5805308229A61013C11
:109E00004FF47A70FFF79AF814F0FF04F7D110BD01
:109E1000000002580144BFF34F8F064B884204D321
:109E2000BFF34F8FBFF36F8F7047C3F85C022030D2
:109E3000F4E700BF00ED00E00144BFF34F8F064B95
:109E4000884204D3BFF34F8FBFF36F8F7047C3F8BF
:109E500070022030F4E700BF00ED00E0114BDA693A
:109E600052021ED59A69D00704D50F4A9A6002F1B2
:109E700044329A600B4BDA69D107FCD41A6A22F497
:109E800080021A629A6942F002029A61DA69D20784
:109E9000FCD49A6942F001029A61024AD369DB0755
:109EA000FCD47047002000523B2A190870B50546C3
:109EB00016460C4601201021FFF76CFE2860467301
:109EC0003CB1204636B1FFF761FE2B68186000B147
:109ED0009C6070BDFFF726FEF7E70000F8B50F465F
:109EE0001546044648B905F11F010126386821F0DE
:109EF0001F01FFF78FFF3046F8BD427B29463868C7
:109F0000FFF762FE06460028EDD13B686360A36858
:109F1000AB4210D213B12068FFF740FE637B2846A6
:109F20002BB1FFF733FE206020B9A060E3E7FFF715
:109F3000F9FDF8E7A560206805F11F01012621F071
:109F40001F013860FFF766FF2673D4E770B50E4631
:109F500002F11F010446154621F01F013046FFF7AC
:109F60006BFF4CB12168B14206D1606810B12A463E
:109F7000F7F770FF0023237370BD0000F8B50F469C
:109F80001446054648B904F11F010126386821F03E
:109F90001F01FFF751FF3046F8BD427B214638686C
:109FA000FFF712FE06460028EDD1AB68A34210D29F
:109FB00013B12868FFF7F2FD6B7B20462BB1FFF74A
:109FC000E5FD286020B9A860E5E7FFF7ABFDF8E7FD
:109FD000AC60396819B122462868F7F73BFF28685A
:109FE00004F11F01012621F01F013860FFF724FF53
:109FF0002E73D0E720B103688B4204BF00230373A4
:10A0000070470000034B1A681AB9034AD2F8D024EB
:10A010001A607047386500200040025808B5FFF705
:10A02000F1FF024B1868C0F3806008BD386500205E
:10A030007047000070470000EFF30983054968335B
:10A040004A6B22F001024A6383F30988002383F3F9
:10A050001188704700EF00E0302080F3118862B66D
:10A060000D4B0E4AD96821F4E0610904090C0A433A
:10A070000B49DA60D3F8FC2042F08072C3F8FC2070
:10A08000084AC2F8B01F116841F001011160202296
:10A09000DA7783F82200704700ED00E00003FA054C
:10A0A00055CEACC5001000E0302310B583F3118805
:10A0B0000E4B5B6813F4006314D0F1EE103AEFF32B
:10A0C00009844FF08073683CE361094BDB6B2366C6
:10A0D00084F30988FEF776FE10B1064BA36110BD2C
:10A0E000054BFBE783F31188F9E700BF00ED00E0C3
:10A0F00000EF00E0770500087A05000870B5BFF3AF
:10A100004F8FBFF36F8F1A4A0021C2F85012BFF36E
:10A110004F8FBFF36F8F536943F400335361BFF325
:10A120004F8FBFF36F8FC2F88410BFF34F8FD2F8F9
:10A13000803043F6E074C3F3C900C3F34E335B01D0
:10A1400003EA0406014646EA81750139C2F8605205
:10A15000F9D2203B13F1200FF2D1BFF34F8F536997
:10A1600043F480335361BFF34F8FBFF36F8F70BDE4
:10A1700000ED00E0FEE70000214B2248224A70B5C6
:10A18000904237D3214BC11EDA1C121A22F003026F
:10A190008B4238BF00220021F7F782FE1C4A0023C1
:10A1A000C2F88430BFF34F8FD2F8803043F6E074AA
:10A1B000C3F3C900C3F34E335B0103EA040601464F
:10A1C00046EA81750139C2F86C52F9D2203B13F18D
:10A1D000200FF2D1BFF34F8FBFF36F8FBFF34F8FBD
:10A1E000BFF36F8F0023C2F85032BFF34F8FBFF31E
:10A1F0006F8F70BD53F8041B40F8041BC0E700BF0D
:10A2000044CA0008B4660020B4660020B46600208A
:10A2100000ED00E0054B996B21EA000199631A6E8D
:10A2200022EA00021A661B6E704700BF0045025802
:10A2300070B5D0E9244300224FF0FF359E6804EB4F
:10A2400042135101D3F80009002805DAD3F80009B8
:10A2500040F08040C3F80009D3F8000B002805DA6D
:10A26000D3F8000B40F08040C3F8000B01326318B4
:10A270009642C3F80859C3F8085BE0D24FF00113C7
:10A28000C4F81C3870BD0000890141F02001016153
:10A2900003699B06FCD41220FEF7E4BD10B50A4CFE
:10A2A0002046FEF76FFA094BC4F89030084BC4F80B
:10A2B0009430084C2046FEF765FA074BC4F89030FE
:10A2C000064BC4F8943010BD3C65002000000840E7
:10A2D00078C90008D86500200000044084C900083F
:10A2E00070B503780546012B58D13F4BD0F890400C
:10A2F000984254D13D4B0E2165209A6B42F000628A
:10A300009A631A6E42F000621A661B6E384BD3F8DD
:10A31000802042F00062C3F88020D3F8802022F031
:10A320000062C3F88020D3F88030FDF76FFC314B1A
:10A33000E360314BC4F800380023D5F89060C4F8CE
:10A34000003EC02323604FF40413A3633369002B42
:10A35000FCDA01230C203361FEF784FD3369DB074F
:10A36000FCD41220FEF77EFD3369002BFCDA0026B8
:10A370002846A660FFF75CFF6B68C4F81068DB68CE
:10A38000C4F81468C4F81C6863BB1C4BA3614FF08D
:10A39000FF336361A36843F00103A36070BD184BF2
:10A3A0009842C9D1114B4FF080609A6B42F0007215
:10A3B0009A631A6E42F000721A661B6E0C4BD3F849
:10A3C000802042F00072C3F88020D3F8802022F071
:10A3D0000072C3F88020D3F88030FFF71BFF0E21F6
:10A3E0004D20A2E7074BD1E73C650020004502580D
:10A3F000004402584014004003002002003C30C0DA
:10A40000D8650020083C30C0F8B5D0F8904005462B
:10A4100000214FF000662046FFF736FFD5F8941074
:10A4200000234FF001128F684FF0FF30C4F834382A
:10A43000C4F81C2804EB431201339F42C2F80069A0
:10A44000C2F8006BC2F80809C2F8080BF2D20B6818
:10A45000D5F89020C5F8983063621023136116690F
:10A4600016F01006FBD11220FEF7FCFCD4F80038E1
:10A4700023F4FE63C4F80038A36943F4402343F097
:10A480001003A3610923C4F81038C4F814380B4B27
:10A49000EB604FF0C043C4F8103B094BC4F8003BDD
:10A4A000C4F81069C4F80039D5F8983003F11002E7
:10A4B00043F48013C5F89820A362F8BD54C900087E
:10A4C00040800010D0F8902090F88A10D2F8003820
:10A4D00023F4FE6343EA0113C2F80038704700001A
:10A4E0002DE9F84300EB8103D0F890500C468046EC
:10A4F000DA680FFA81F94801166806F00306731E40
:10A50000022B05EB41134FF0000194BFB604384E07
:10A51000C3F8101B4FF0010104F1100398BF06F1BE
:10A52000805601FA03F3916998BF06F500460029A9
:10A530003AD0578A04F15801374349016F50D5F892
:10A540001C180B430021C5F81C382B180127C3F831
:10A550001019A7405369611E9BB3138A928B9B0805
:10A56000012A88BF5343D8F89820981842EA034339
:10A5700001F140022146C8F89800284605EB820206
:10A580005360FFF781FE08EB8900C3681B8A43EA2A
:10A59000845348341E4364012E51D5F81C381F43A0
:10A5A000C5F81C78BDE8F88305EB4917D7F8001B00
:10A5B00021F40041C7F8001BD5F81C1821EA030359
:10A5C000C0E704F13F030B4A2846214605EB83030D
:10A5D0005A60FFF759FE05EB4910D0F8003923F413
:10A5E0000043C0F80039D5F81C3823EA0707D7E73D
:10A5F0000080001000040002D0F894201268C0F817
:10A600009820FFF715BE00005831D0F8903049016E
:10A610005B5813F4004004D013F4001F0CBF022059
:10A62000012070474831D0F8903049015B5813F44D
:10A63000004004D013F4001F0CBF0220012070471B
:10A6400000EB8101CB68196A0B6813604B6853609B
:10A650007047000000EB810330B5DD68AA6913681C
:10A66000D36019B9402B84BF402313606B8A1468F0
:10A67000D0F890201C4402EB4110013C09B2B4FB1D
:10A68000F3F46343033323F0030343EAC44343F087
:10A69000C043C0F8103B2B6803F00303012B0ED11D
:10A6A000D2F8083802EB411013F4807FD0F8003B59
:10A6B00014BF43F0805343F00053C0F8003B02EB5B
:10A6C0004112D2F8003B43F00443C2F8003B30BDD6
:10A6D0002DE9F041D0F8906005460C4606EB411399
:10A6E000D3F8087B3A07C3F8087B08D5D6F81438A6
:10A6F0001B0704D500EB8103DB685B689847FA070A
:10A700001FD5D6F81438DB071BD505EB8403D968B1
:10A71000CCB98B69488A5A68B2FBF0F600FB162266
:10A720008AB91868DA6890420DD2121AC3E9002477
:10A73000302383F3118821462846FFF78BFF84F3EB
:10A740001188BDE8F081012303FA04F26B8923EA42
:10A7500002036B81CB68002BF3D021462846BDE86D
:10A76000F041184700EB81034A0170B5DD68D0F86D
:10A7700090306C692668E66056BB1A444FF400209E
:10A78000C2F810092A6802F00302012A0AB20ED1A7
:10A79000D3F8080803EB421410F4807FD4F80009C2
:10A7A00014BF40F0805040F00050C4F8000903EBA3
:10A7B0004212D2F8000940F00440C2F80009012218
:10A7C000D3F8340802FA01F10143C3F8341870BD1C
:10A7D00019B9402E84BF4020206020681A442E8A78
:10A7E0008419013CB4FBF6F440EAC44040F0005048
:10A7F000C6E700002DE9F843D0F8906005460C4606
:10A800004F0106EB4113D3F8088918F0010FC3F884
:10A8100008891CD0D6F81038DB0718D500EB810367
:10A82000D3F80CC0DCF81430D3F800E0DA689645B1
:10A8300030D2A2EB0E024FF000091A60C3F8049068
:10A84000302383F31188FFF78DFF89F3118818F007
:10A85000800F1DD0D6F834380126A640334217D0D9
:10A8600005EB84030134D5F89050D3F80CC0E4B262
:10A870002F44DCF8142005EB0434D2F800E05168D2
:10A88000714514D3D5F8343823EA0606C5F8346880
:10A89000BDE8F883012303FA01F2038923EA0203E6
:10A8A0000381DCF80830002BD1D09847CFE7AEEB1E
:10A8B0000103BCF81000834228BF0346D7F81809EB
:10A8C00080B2B3EB800FE3D89068A0F1040959F887
:10A8D000048FC4F80080A0EB09089844B8F1040F75
:10A8E000F5D818440B4490605360C8E72DE9F84F41
:10A8F000D0F8905004466E69AB691E4016F480583B
:10A900006E6103D0BDE8F84FFDF7ACBF002E12DA40
:10A91000D5F8003E9B0705D0D5F8003E23F0030391
:10A92000C5F8003ED5F80438204623F00103C5F8E9
:10A930000438FDF7C5FF370505D52046FFF778FC3D
:10A940002046FDF7ABFFB0040CD5D5F8083813F05E
:10A95000060FEB6823F470530CBF43F4105343F419
:10A96000A053EB6031071BD56368DB681BB9AB698B
:10A9700023F00803AB612378052B0CD1D5F8003EFA
:10A980009A0705D0D5F8003E23F00303C5F8003E32
:10A990002046FDF795FF6368DB680BB120469847BA
:10A9A000F30200F1BA80B70226D5D4F890900027C0
:10A9B0004FF0010A09EB4712D2F8003B03F44023A1
:10A9C000B3F5802F11D1D2F8003B002B0DDA62894C
:10A9D0000AFA07F322EA0303638104EB8703DB68C7
:10A9E000DB6813B13946204698470137D4F89430D4
:10A9F000FFB29B689F42DDD9F00619D5D4F89000CC
:10AA0000026AC2F30A1702F00F0302F4F012B2F561
:10AA1000802F00F0CA80B2F5402F09D104EB8303E8
:10AA2000002200F58050DB681B6A974240F0B0803E
:10AA30003003D5F8185835D5E90303D50021204651
:10AA4000FFF746FEAA0303D501212046FFF740FE8B
:10AA50006B0303D502212046FFF73AFE2F0303D5EF
:10AA600003212046FFF734FEE80203D504212046E7
:10AA7000FFF72EFEA90203D505212046FFF728FE89
:10AA80006A0203D506212046FFF722FE2B0203D5DA
:10AA900007212046FFF71CFEEF0103D508212046C1
:10AAA000FFF716FE700340F1A780E90703D50021E8
:10AAB0002046FFF79FFEAA0703D501212046FFF796
:10AAC00099FE6B0703D502212046FFF793FE2F075F
:10AAD00003D503212046FFF78DFEEE0603D50421A2
:10AAE0002046FFF787FEA80603D505212046FFF77D
:10AAF00081FE690603D506212046FFF77BFE2A0664
:10AB000003D507212046FFF775FEEB0574D52046D7
:10AB10000821BDE8F84FFFF76DBED4F890904FF0D4
:10AB2000000B4FF0010AD4F894305FFA8BF79B6862
:10AB30009F423FF638AF09EB4713D3F8002902F4E0
:10AB40004022B2F5802F20D1D3F80029002A1CDA48
:10AB5000D3F8002942F09042C3F80029D3F8002925
:10AB6000002AFBDB3946D4F89000FFF78DFB2289E1
:10AB70000AFA07F322EA0303238104EB8703DB6865
:10AB80009B6813B13946204698470BF1010BCAE781
:10AB9000910701D1D0F80080072A02F101029CBF81
:10ABA00003F8018B4FEA18283FE704EB830300F515
:10ABB0008050DA68D2F818C0DCF80820DCE9001C04
:10ABC000A1EB0C0C00218F4208D1DB689B699A68CD
:10ABD0003A449A605A683A445A6029E711F0030FE0
:10ABE00001D1D0F800808C4501F1010184BF02F849
:10ABF000018B4FEA1828E6E7BDE8F88F08B503484F
:10AC0000FFF774FEBDE80840FFF74EBA3C65002030
:10AC100008B50348FFF76AFEBDE80840FFF744BAED
:10AC2000D8650020D0F8903003EB4111D1F8003BFB
:10AC300043F40013C1F8003B70470000D0F8903097
:10AC400003EB4111D1F8003943F40013C1F8003986
:10AC500070470000D0F8903003EB4111D1F8003B71
:10AC600023F40013C1F8003B70470000D0F8903087
:10AC700003EB4111D1F8003923F40013C1F8003976
:10AC800070470000044BDA6B0243DA635A6E1043DC
:10AC900058665B6E704700BF0045025808B53C4BD4
:10ACA0004FF0FF31D3F8802062F00042C3F88020DB
:10ACB000D3F8802002F00042C3F88020D3F880202F
:10ACC000D3F88420C3F88410D3F884200022C3F87A
:10ACD0008420D3F88400D86F40F0FF4040F4FF0098
:10ACE00040F4DF4040F07F00D867D86F20F0FF408D
:10ACF00020F4FF0020F4DF4020F07F00D867D86FF9
:10AD0000D3F888006FEA40506FEA5050C3F88800CB
:10AD1000D3F88800C0F30A00C3F88800D3F888008D
:10AD2000D3F89000C3F89010D3F89000C3F89020A7
:10AD3000D3F89000D3F89400C3F89410D3F894009B
:10AD4000C3F89420D3F89400D3F89800C3F898106F
:10AD5000D3F89800C3F89820D3F89800D3F88C0063
:10AD6000C3F88C10D3F88C00C3F88C20D3F88C0077
:10AD7000D3F89C00C3F89C10D3F89C10C3F89C2017
:10AD8000D3F89C30FCF704FABDE8084000F0F8B8AE
:10AD90000044025808B50122504BC3F80821504B1B
:10ADA0005A6D42F002025A65DA6F42F00202DA6727
:10ADB0000422DB6F4B4BDA605A689104FCD54A4A97
:10ADC0001A6001229A60494ADA6000221A614FF43F
:10ADD00040429A61434B9A699204FCD51A6842F446
:10ADE00080721A60424B1A6F12F4407F04D04FF405
:10ADF00080321A6700221A671A6842F001021A604C
:10AE00003B4B1A685007FCD500221A611A6912F0F0
:10AE10003802FBD1012119604FF0804159605A6717
:10AE2000344ADA62344A1A611A6842F480321A608B
:10AE30002F4B1A689103FCD51A6842F480521A60AD
:10AE40001A689204FCD52D4A2D499A6200225A6351
:10AE5000196301F57C01DA6301F5E77199635A64BE
:10AE6000284A1A64284ADA621A6842F0A8521A601C
:10AE70001F4B1A6802F02852B2F1285FF9D148221C
:10AE80009A614FF48862DA6140221A621F4ADA64DA
:10AE90001F4A1A651F4A5A651F4A9A6532231F4A7C
:10AEA0001360136803F00F03022BFAD1104A1369E1
:10AEB00043F003031361136903F03803182BFAD12D
:10AEC0004FF00050FFF7DEFE4FF08040FFF7DAFE54
:10AED0004FF00040BDE80840FFF7D4BE00800051AD
:10AEE000004502580048025800C000F0040000016C
:10AEF000004402580000FF010088900832206000E2
:10AF000063020901470E0508DD0BBF012000002088
:10AF1000000001100910E0000001011000200052A3
:10AF200008B50348FCF7ECFCBDE80840FFF7BCB8E7
:10AF3000C836002008B50348FCF7E2FDBDE808402C
:10AF4000FFF7B2B82039002008B50348FCF7D8FD58
:10AF5000BDE80840FFF7A8B88C39002008B50348C1
:10AF6000FCF7CEFDBDE80840FFF79EB8F839002099
:10AF700008B500F08FFCBDE80840FFF795B8000069
:10AF800008B509217A20FCF741FE09213120FCF7A0
:10AF90003DFE07213220FCF739FE0C212620FCF76C
:10AFA00035FE0C212720FCF731FE0C215220BDE894
:10AFB0000840FCF72BBE000008B5FFF76FFE00F05D
:10AFC00043FCFDF703FAFDF7A1F9FDF7D9FBFDF707
:10AFD000ABFAFEF779FABDE8084000F029BA0000A4
:10AFE00030B50433039C0172002104FB0325C160CA
:10AFF000C0E90653049B0363059BC0E90000C0E958
:10B000000422C0E90842C0E90A11436330BD0000D0
:10B010000022416AC260C0E90411C0E90A226FF04F
:10B020000101FDF7CBBF0000D0E90432934201D10A
:10B03000C2680AB9181D704700207047036919607B
:10B040000021C2680132C260C2691344826993421E
:10B05000036124BF436A0361FDF7A4BF38B504460A
:10B060000D46E3683BB162690020131D1268A362BC
:10B070001344E36207E0237A33B929462046FDF7FB
:10B0800081FF0028EDDA38BD6FF00100FBE700001A
:10B09000C368C269013BC360436913448269934238
:10B0A000436124BF436A436100238362036B03B19E
:10B0B0001847704770B53023044683F31188866AB9
:10B0C0003EB9FFF7CBFF054618B186F31188284635
:10B0D00070BDA36AE26A13F8015B9342A36202D3D4
:10B0E0002046FFF7D5FF002383F31188EFE7000028
:10B0F0002DE9F84F04460E46174698464FF03009A2
:10B1000089F311880025AA46D4F828B0BBF1000FB6
:10B1100009D141462046FFF7A1FF20B18BF31188EA
:10B120002846BDE8F88FD4E90A12A7EB050B521A9E
:10B13000934528BF9346BBF1400F1BD9334601F11D
:10B14000400251F8040B914243F8040BF9D1A36A71
:10B15000403640354033A362D4E90A239A4202D3F1
:10B160002046FFF795FF8AF31188BD42D8D289F3B4
:10B170001188C9E730465A46F6F76CFEA36A5E446A
:10B180005D445B44A362E7E710B5029C043301729F
:10B1900003FB0421C460C0E906130023C0E90A339D
:10B1A000039B0363049BC0E90000C0E90422C0E9DB
:10B1B0000842436310BD0000026A6FF00101C260E3
:10B1C000426AC0E904220022C0E90A22FDF7F6BE65
:10B1D000D0E904239A4201D1C26822B9184650F836
:10B1E000043B0B60704700231846FAE7C368002150
:10B1F000C2690133C3604369134482699342436166
:10B2000024BF436A4361FDF7CDBE000038B5044654
:10B210000D46E3683BB1236900201A1DA262E26972
:10B220001344E36207E0237A33B929462046FDF749
:10B23000A9FE0028EDDA38BD6FF00100FBE7000041
:10B2400003691960C268013AC260C2691344826925
:10B250009342036124BF436A036100238362036B4B
:10B2600003B118477047000070B530230D460446FF
:10B27000114683F31188866A2EB9FFF7C7FF10B114
:10B2800086F3118870BDA36A1D70A36AE26A013358
:10B290009342A36204D3E16920460439FFF7D0FF4B
:10B2A000002080F31188EDE72DE9F84F04460D46A4
:10B2B000904699464FF0300A8AF311880026B3462B
:10B2C000A76A4FB949462046FFF7A0FF20B187F390
:10B2D00011883046BDE8F88FD4E90A073A1AA8EB7E
:10B2E0000607974228BF1746402F1BD905F1400398
:10B2F00055F8042B9D4240F8042BF9D1A36A40363F
:10B300004033A362D4E90A239A4204D3E169204678
:10B310000439FFF795FF8BF311884645D9D28AF39C
:10B320001188CDE729463A46F6F794FDA36A3D44D5
:10B330003E443B44A362E5E7D0E904239A4217D197
:10B34000C3689BB1836A8BB1043B9B1A0ED0136018
:10B35000C368013BC360C3691A4483699A420261AE
:10B3600024BF436A036100238362012318467047A8
:10B370000023FBE701F01F03F0B502F01F0456099C
:10B380005A1C0123B6EB511F50F8265003FA02F362
:10B390004FEA511703F1FF333DBF50F82720C4F1A6
:10B3A0002000134003EA05003BBF03FA00F225FA30
:10B3B00004F0E0401043F0BD70B57E227F210546C9
:10B3C000FFF7D8FF18B1012819D0002070BD3E2228
:10B3D00049212846FFF7CEFF2F2204463121284677
:10B3E000FFF7C8FF06460134502202365321284693
:10B3F000B440FFF7BFFF093804FA00F0E6E7302257
:10B4000045212846FFF7B6FF01308002DEE7000045
:10B4100090F8D63090F8D7201B0403EB026390F825
:10B42000D42090F8D500134403EB002070470000AF
:10B4300000F00CBA014B586A704700BF000C004086
:10B44000034B002258631A610222DA60704700BF82
:10B45000000C0040014B0022DA607047000C0040F5
:10B46000014B5863704700BF000C0040024B034A79
:10B470001A60034A5A6070478C660020B866002044
:10B4800000000220074B494210B55C68201A0840B2
:10B490001968821A8A4203D3A24201D85A6010BDA9
:10B4A0000020FCE78C66002008B5302383F3118868
:10B4B000FFF7E8FF002383F3118808BD0448054B1C
:10B4C00003600023C0E901330C3000F017B900BF5E
:10B4D00094660020A9B40008CB1D083A23F00703A6
:10B4E000591A521A10B4D2080024C0E900438460EB
:10B4F0000C301C605A605DF8044B00F0FFB800008F
:10B500002DE9F74F364FCD1D8846002818BF074656
:10B51000082A4FEAD50538BF082207F10C003C1D68
:10B520009146019000F02CF9019809F10701C9F149
:10B53000000E2246246864B900F02CF93B68CBB3B6
:10B5400008224946E8009847044698B340E9027843
:10B5500030E004EB010CD4F804A00CEA0E0C0AF164
:10B560000106ACF1080304EBC6069E42E1D9A6EB46
:10B570000C0CB5EBEC0F4FEAEC0BDAD89C421DD269
:10B5800004F10802AB45A3EB02024FEAE20262605B
:10B5900009D9691CED4303EBC1025D445560256880
:10B5A00043F8315022601C46C3F8048044F8087BFD
:10B5B00000F0F0F8204603B0BDE8F08FAA452168FE
:10B5C00002D111602346EEE7013504EBC50344F8D0
:10B5D000351003F10801761AF6105E601360F1E78A
:10B5E0009466002073B50446A0F1080550F8080CD5
:10B5F00054F8043C061D0C3007330190DB0844F876
:10B60000043C00F0BDF8334601989E421A6801D010
:10B61000AB4228D20AB1954225D244F8082C54F8FE
:10B62000042C1D60013254F8081C05EBC206B1421F
:10B6300006D14E68324444F8042C0A6844F8082CB9
:10B640005E68711C03EBC1018D4207D154F8042CD4
:10B65000013232445A6054F8082C1A6002B0BDE836
:10B66000704000F097B81346CFE70000FEE70000F7
:10B6700070B51E4B0025044686B058600E46056323
:10B680008163FEF7E9FC04F12803A5606563C4E962
:10B690000A3304F11003C4E904334FF0FF33C4E963
:10B6A0000044C4E90635FFF7C5FE2B46024604F107
:10B6B0003C012046C4E9082380230D4A6567FDF755
:10B6C000DBFB7368E0600B4A03620123009280F8A1
:10B6D00024306846F26801923269CDE90223064BB4
:10B6E000CDE90435FDF7FCFB06B070BD1049002024
:10B6F00098C9000890C900086DB600080023C0E989
:10B70000000083600361704770B51C4B0546846878
:10B71000DE685CB3B44213D103690133036170BDC9
:10B72000A36094F8243083B1062B15D1A06A21467A
:10B73000D4E9003213605A60FDF7FAFAA36A9C68F4
:10B74000B368A2689A42EBD306E0D4E900322046FF
:10B7500013605A60FDF7FCFA28463146FDF7E8FA17
:10B76000B5620620BDE87040FDF7F4BA0369866053
:10B7700001330361336BC3603063D0E76846002058
:10B7800008B5302383F31188FFF7BEFF002383F34E
:10B79000118808BD194BD96883688B4210B520D138
:10B7A000302383F311880269013A0261B2B9046857
:10B7B000C368A0420B631ED04A6B9BB901238A6009
:10B7C000036103681A68026050601A6B8360C2608C
:10B7D00018631846FDF7BCFAFDF71CFB002383F342
:10B7E000118810BD1C68A34203D0A468A24238BFD0
:10B7F0002246DB68E1E78260F0E700BF6846002090
:10B80000024A536B18435063704700BF68460020DC
:10B8100038B5EFF311859DB9EFF30584C4F308043F
:10B82000302334B183F31188FDF700FD85F31188CF
:10B8300038BD83F31188FDF7F9FC84F3118838BD16
:10B84000BDE83840FDF7F2BC704700000E4B9A6C23
:10B8500042F008029A641A6F42F008021A670B4A13
:10B860001B6FD36B43F00803D363C722084B9A6264
:10B870004FF0FF32DA6200229A615A63DA605A604E
:10B8800001225A611A607047004502580010005C9E
:10B89000000C0040094A08B51169D3680B40D9B2C1
:10B8A0009B076FEA0101116107D5302383F31188EB
:10B8B000FDF7D6FA002383F3118808BD000C004081
:10B8C00010B501390244904201D1002005E003780F
:10B8D00011F8014FA34201D0181B10BD0130F2E74F
:10B8E0002DE9F041A3B1C91A17780144044603F1C8
:10B8F000FF3C8C42204601D9002009E00578BD427A
:10B9000004F10104F5D10CEB0405D618A54201D1D0
:10B91000BDE8F08115F8018D16F801EDF045F5D080
:10B92000E7E70000884210B501EB020402D9844227
:10B93000234607D8431EA14208D011F8012B03F873
:10B94000012FF8E7024401468A4200D110BD13F8E6
:10B95000014D02F8014DF7E7C9B2034610F8012B7B
:10B960001AB18A42F9D118467047002918BF00233E
:10B97000F9E70000034611F8012B03F8012B002A18
:10B98000F9D1704710B50139034632B111F8014FB2
:10B9900003F8014B013A002CF7D11A4400219342DD
:10B9A00000D110BD03F8011BF9E700006531323307
:10B9B0006564306435376634323434360000000054
:10B9C0001210000012110000121300004D44350047
:10B9D0002D2D0A002F6172647570696C6F742E6171
:10B9E00062696E002F6172647570696C6F742D7678
:10B9F00065726966792E6162696E002F6172647585
:10BA000070696C6F742D666C6173682E6162696E0B
:10BA1000002F6172647570696C6F742D666C617350
:10BA20006865642E6162696E00000000000000001D
:10BA3000000000006D10000809110008B91200088C
:10BA40004111000801110008000000000000000082
:10BA50006910000815110008F112000865100008AF
:10BA60007110000853544D333248373F3F3F005365
:10BA7000544D3332483733782F3732780053544D92
:10BA80003332483734332F3735332F3735300000D2
:10BA900001105A00031059000120580003205600DD
:10BAA00041A3E5F2656992070040A2E4F164689160
:10BAB00006000000E576000000000000EDD3F55C14
:10BAC0001A631258D69CF7A2DEF9DE1400000000BB
:10BAD000000000000000000000000010B67859FFD0
:10BAE0008572D300BD6E15FF0F0A6A0029C00100E0
:10BAF00098E879FFBC3CA0FF9971CEFF00B7E2FE49
:10BB0000B40D48FF59F1B2FE0AE5A6FF7BDD2AFE1F
:10BB10001E14D4005280030030D1F300777940FF27
:10BB200032E39CFF006EC501671B900008C9BCF39F
:10BB300067E6096A3BA7CA8485AE67BB2BF894FE0B
:10BB400072F36E3CF1361D5F3AF54FA5D182E6AD3A
:10BB50007F520E511F6C3E2B8C68059B6BBD41FBC9
:10BB6000ABD9831F79217E1319CDE05BB0A00EFE07
:10BB7000D3C986FF9E188F007F693500600CBD0019
:10BB8000A7D7FBFF9F4C80FE6A65E1FF1EFC040007
:10BB9000920CAE00853B8C01BDF124FFF825C3015A
:10BBA00060DC3700B74C3EFFC3423D00324CA4017D
:10BBB000E1A44CFF4C3DA3FF753E1F00519140FF97
:10BBC00076410E00A273D6FF068A2E007CE6F4FFB3
:10BBD0000A8A8F00341AC200B8F44C00818F290100
:10BBE000BEF413FF7BAA7AFF6281440079D59300EB
:10BBF00056651EFFA1679B008C5943FFEFE5BE0110
:10BC0000430BB500C6F089FEEE45BCFF4397EE003E
:10BC1000132A6CFFE5557101324487FF116A090050
:10BC2000326701FF5001A80123981EFF10A8B90137
:10BC30003859E8FF65D2FC0029FA4700CCAA4FFF2B
:10BC40000E2EEFFF504DEF00BDD64BFF118DF900CA
:10BC500026504CFFBE55750056E4AA009CD8D00172
:10BC6000C3CFA4FF96424CFFAFE110FF8D5062019D
:10BC70004CDBF200C6A272002EDA98009B2BF1FE7C
:10BC80009BA068FF33BBA5000211AF004254A00186
:10BC9000F73A1E00234135FE45ECBF002D86F50125
:10BCA000A37BDD00206E14FF3417A500BAD6470031
:10BCB000E9B06000F2EF360139598A00530054FFB1
:10BCC00088A064005C8E78FE687CBE00B5B13EFF43
:10BCD000FA29550098822A0160FCF60097973FFEEA
:10BCE000EF853E0020389C002DA7BDFF8E85B30157
:10BCF0008356D300BBB396FEFAAA0EFFD2A34E0022
:10BD000025349700634D1A00EE9CD5FFD5C0D101B4
:10BD1000492E54001441290136CE4F00C98392FEAA
:10BD2000AA6F18FFB12132FEAB26CBFF4EF774008D
:10BD3000D1DD99008580B2013A2C1900C9273B0159
:10BD4000BD13FC0031E5D20175BB7500B5B3B80178
:10BD50000072DB00305E9300F52938007D0DCCFECB
:10BD6000F4AD77002CDD20FE54EA1400F9A0C601E2
:10BD7000EC7EEAFF2F63A8FEAAE299FF66B3D80023
:10BD8000E28D7AFF7A4299FEB6F58600E3E4190166
:10BD9000D639EBFFD8AD38FFB5E7D20077809DFFED
:10BDA000815F88FF6E7E330002A9B7FF078262FEC3
:10BDB00045B05EFF7404E301D9F291FFCAAD1F01E3
:10BDC000690127FF2EAF4500E42F3AFFD7E045FE7B
:10BDD000CF3845FF10FE8BFF17CFD4FFCA147EFF6C
:10BDE0005FD560FF09B02100C805CFFFF12A80FEB2
:10BDF0002321C0FFF8E5C40181117800FB6797FF9C
:10BE0000073470FF8C3842FF28E2F5FFD94625FE43
:10BE1000ACD609FF4843860192C0D6FF2C2670009D
:10BE200044B84BFFCE5AFB0095EB8D00B5AA3A0003
:10BE300074F4EF005C9D020066AD6200E989600168
:10BE40007F31CB00059B9400179409FFD37A0C0037
:10BE500022861AFFDBCC8800860829FFE0532BFEE0
:10BE60005519F7006D7F00FEA9883000EE77DBFFE3
:10BE7000E7ADD500CE12FEFE08BA07FF7E09070126
:10BE80006F2A48006F34ECFE603F8D0093BF7FFE49
:10BE9000CD4EC0FF0E6AED01BBDB4C00AFF3BBFE25
:10BEA0006959AD0055195901A2F394000276D1FEEB
:10BEB000219E09008BA32EFF5D4628006C2A8EFE72
:10BEC0006FFC8EFF9BDF900033E5A7FF49FC9BFFD3
:10BED0005E740CFF98A0DAFF9CEE25FFB3EACFFF5B
:10BEE000C500B3FF9AA48D00E1C468000A2319FEBF
:10BEF000D1D4F2FF61FDDEFEB865E500DE127F0100
:10BF0000A48887FF1ECF8CFE9261F30081C01AFEC9
:10BF1000C95421FF6F0A4EFF9351B2FF0404180069
:10BF2000A1EED7FF068D210035D70EFF29B5D0FF32
:10BF3000E78B9D00B3CBDDFFFFB97100BDE2ACFF25
:10BF40007142D6FFCA3E2DFF664008FF4EAE10FE7E
:10BF5000857544FF000102030405060708090A0B62
:10BF60000C0D0E0F0E0A0408090F0D06010C00023D
:10BF70000B0705030B080C0005020F0D0A0E030644
:10BF800007010904070903010D0C0B0E0206050A3F
:10BF900004000F080900050702040A0F0E010B0C2C
:10BFA0000608030D020C060A000B0803040D070522
:10BFB0000F0E01090C05010F0E0D040A0007060300
:10BFC0000902080B0D0B070E0C01030905000F04F5
:10BFD0000806020A060F0E090B0300080C020D07E3
:10BFE00001040A050A020804070601050F0B090EE1
:10BFF000030C0D00000102030405060708090A0BE3
:10C000000C0D0E0F0E0A0408090F0D06010C00029C
:10C010000B0705031B132C0AA3E59CEDA729630856
:10C020005D210621EBFFFFFFFFFFFFFFFFFFFFFF8B
:10C03000FFFFFFFF0F0000005945000805440008FE
:10C04000854400082D450008600100002F00000015
:10C050005375636365737366756C6C79206D6F756A
:10C060006E746564205344436172642028736C6F5E
:10C0700077646F776E3D2575290A0000EB76904551
:10C08000584641542020200046415433322020207D
:10C09000000000002A3A3C3E7C223F7F002B2C3BD4
:10C0A0003D5B5D004355454141414143454545495F
:10C0B000494941414592924F4F4F5555594F554F20
:10C0C0009C4F9E9F41494F55A5A5A6A7A8A9AAABDD
:10C0D000ACADAEAFB0B1B2B3B4414141B8B9BABB87
:10C0E000BCBDBEBFC0C1C2C3C4C54141C8C9CACB23
:10C0F000CCCDCECFD1D145454549494949D9DADBE7
:10C10000DCDD49DF4FE14F4F4F4FE6E8E85555552D
:10C110005959EEEFF0F1F2F3F4F5F6F7F8F9FAFB0E
:10C12000FCFDFEFF01030507090E10121416181C72
:10C130001E00000061001A03E0001703F800070367
:10C14000FF000100780100013001320106013901D0
:10C1500010014A012E017901060180014D004302C0
:10C1600081018201820184018401860187018701A6
:10C1700089018A018B018B018D018E018F01900154
:10C180009101910193019401F601960197019801A3
:10C1900098013D029B019C019D0120029F01A0018D
:10C1A000A001A201A201A401A401A601A701A70167
:10C1B000A901AA01AB01AC01AC01AE01AF01AF0115
:10C1C000B101B201B301B301B501B501B701B801C5
:10C1D000B801BA01BB01BC01BC01BE01F701C0013D
:10C1E000C101C201C301C401C501C401C701C80125
:10C1F000C701CA01CB01CA01CD011001DD01010057
:10C200008E01DE011201F3010300F101F401F401DA
:10C21000F8012801220212013A020900652C3B02B2
:10C220003B023D02662C3F024002410241024602AF
:10C230000A015302400081018601550289018A01E9
:10C2400058028F015A0290015C025D025E025F0299
:10C250009301610262029401640265026602670250
:10C26000970196016A02622C6C026D026E029C01BB
:10C27000700271029D01730274029F0176027702BF
:10C28000780279027A027B027C02642C7E027F02B1
:10C29000A60181028202A901840285028602870228
:10C2A000AE014402B101B20145028D028E028F023D
:10C2B00090029102B7017B030300FD03FE03FF031D
:10C2C000AC0304008603880389038A03B1031103C6
:10C2D000C2030200A303A303C4030803CC030300A7
:10C2E0008C038E038F03D8031801F2030A00F903AD
:10C2F000F303F403F503F603F703F703F903FA0373
:10C30000FA033004200350041007600422018A0459
:10C310003601C1040E01CF040100C004D004440161
:10C3200061052604000000007D1D0100632C001E35
:10C330009601A01E5A01001F0806101F0606201FA6
:10C340000806301F0806401F0606511F0700591F28
:10C35000521F5B1F541F5D1F561F5F1F601F080683
:10C36000701F0E00BA1FBB1FC81FC91FCA1FCB1FDB
:10C37000DA1FDB1FF81FF91FEA1FEB1FFA1FFB1F55
:10C38000801F0806901F0806A01F0806B01F0400A3
:10C39000B81FB91FB21FBC1FCC1F0100C31FD01F85
:10C3A0000206E01F0206E51F0100EC1FF31F01005B
:10C3B000FC1F4E2101003221702110028421010056
:10C3C0008321D0241A05302C2F04602C0201672C05
:10C3D0000601752C0201802C6401002D260841FF06
:10C3E0001A030000C700FC00E900E200E400E000DE
:10C3F000E500E700EA00EB00E800EF00EE00EC00EB
:10C40000C400C500C900E600C600F400F600F20052
:10C41000FB00F900FF00D600DC00F800A300D80004
:10C42000D7009201E100ED00F300FA00F100D10025
:10C43000AA00BA00BF00AE00AC00BD00BC00A10065
:10C44000AB00BB0091259225932502252425C10030
:10C45000C200C000A9006325512557255D25A20013
:10C46000A5001025142534252C251C2500253C2548
:10C47000E300C3005A25542569256625602550250B
:10C480006C25A400F000D000CA00CB00C800310128
:10C49000CD00CE00CF0018250C2588258425A600C8
:10C4A000CC008025D300DF00D400D200F500D500F9
:10C4B000B500FE00DE00DA00DB00D900FD00DD0083
:10C4C000AF00B400AD00B1001720BE00B600A70059
:10C4D000F700B800B000A800B700B900B300B20080
:10C4E000A025A00010000240080002400008024001
:10C4F00000000B002800024008000240040802402F
:10C5000006010C00400002400800024008080240FA
:10C5100010020D0058000240080002400C080240C2
:10C5200016030E00700002400C000240100802408A
:10C5300000040F00880002400C0002401408024072
:10C5400006051000A00002400C000240180802403E
:10C5500010061100B80002400C0002401C08024006
:10C5600016072F0010040240080402402008024071
:10C570000008380028040240080402402408024051
:10C58000060939004004024008040240280802401D
:10C59000100A3A0058040240080402402C080240E5
:10C5A000160B3B00700402400C04024030080240AD
:10C5B000000C3C00880402400C0402403408024095
:10C5C000060D4400A00402400C040240380802405A
:10C5D000100E4500B80402400C0402403C08024022
:10C5E000160F460001000000000000000096000049
:10C5F000000000000000000000000000000000003B
:10C600000000000000000000C1940008C59400086C
:10C61000A17F0008D9820008357F00085D7F0008EF
:10C62000857F00081D7F0008000000008D83000842
:10C6300079830008B5830008A1830008AD83000852
:10C64000998300088583000871830008C18300086E
:10C6500000000000A584000891840008CD84000833
:10C66000B9840008C5840008B18400089D840008CE
:10C6700089840008D984000800000000010000003F
:10C68000000000006330000084C6000800000000C5
:10C6900000000000E0460020104900200000812A30
:10C6A00000000000AAAAAAAA00000024FFFE0000C1
:10C6B0000000000000A00A000001000000000000CF
:10C6C000AAAAAAAA00000000FFFF000000000000C4
:10C6D000000000001400AA5600000000AAAAAAAA9E
:10C6E00014005554FFFF000000000000CCCC0C00EB
:10C6F00020681A0000000000AAAA8AAA1054150097
:10C70000FFFF0000000C700777000000408102016D
:10C7100000100000AAAAAAAA00410100F7FF000029
:10C720000000007007000000000000000000000092
:10C73000AAAAAAAA00000000FFFF00000000000053
:10C74000000000000000000000000000AAAAAAAA41
:10C7500000000000FFFF00000000000000000000DB
:10C760000000000000000000AAAAAAAA0000000021
:10C77000FFFF0000000000000000000000000000BB
:10C7800000000000AAAAAAAA00000000FFFF000003
:10C790000000000000000000000000000000000099
:10C7A000AAAAAAAA00000000FFFF000000000000E3
:10C7B000000000000000000000000000AAAAAAAAD1
:10C7C00000000000FFFF000000000000000000006B
:10C7D0004375626550696C6F7400437562654F7292
:10C7E000616E67652B2D5365637572652D424C2D07
:10C7F000763130002553455249414C250000000058
:10C800000200000000000000C5860008358700080F
:10C8100040004000C0610020D06100200200000004
:10C820000000000003000000000000007D870008F9
:10C830000000000010000000E06100200000000087
:10C8400001000000000000003C6500200101020022
:10C85000BD950008CD940008699500084D95000825
:10C860004300000068C8000809024300020100C03C
:10C870003209040000010202010005240010010534
:10C880002401000104240202052406000107058298
:10C89000030800FF09040100020A00000007050167
:10C8A0000240000007058102400000001200000065
:10C8B000B4C800081201100102000040AE2D58104B
:10C8C00000020102030100000403090425424F4154
:10C8D00052442500437562654F72616E6765506C06
:10C8E000757300303132333435363738394142438D
:10C8F0004445460000000020000002000200000045
:10C9000000000030000004000800000000000024C7
:10C9100000000800040000000004000000FC00000B
:10C920000200000000000430008000000800000049
:10C930000000003800000100010000001F1C1F1E45
:10C940001F1E1F1F1E1F1E1F1F1D1F1E1F1E1F1FFE
:10C950001E1F1E1F00000000D9880008918B0008D0
:10C960003D8C000840004000746600207466002082
:10C9700001000000846600208000000040010000EB
:10C980000800000000010000001000000800000086
:10C9900069646C65000000006D61696E002C0438EC
:10C9A000040438080C10141C202425260000000064
:10C9B000000064040100040000000000000C0010EE
:10C9C00028303400EC3BFF7F01000000FFFFFFFF39
:10C9D000270400000000000000001E00000000000E
:10C9E000FF00000018490020203900208C39002069
:10C9F000F83900200000000064BA00088304000039
:10CA00006FBA0008500400007DBA00080100000061
:10CA100000000000009600000000080096000000E2
:10CA20000008000004000000C8C800080000000062
:10CA300000000000000000000000000000000000F6
:04CA400000000000F2
:00000001FF
